Address,TokenCount,Tokens
0x2f19F10f25d3f324538EBfd0BF34903b06df8E0D,4,141;309;1425;1829
0xEA975ED81C7c35eA4270aD67Ae6184a04Dd2ec92,4,259;1231;2016;2144
0x655290Cc4C86CF7C458FB97676c35DcbcECbc482,4,362;1050;1077;1079
0x2444BAaDAAbB4D642397948F9D1C17D93B2F89d5,4,383;1272;1546;1675
0x20EbaC3A9c15Da063D42B10063Ce7096c64c90B1,4,387;1962;1963;1965
0xA539d22B9e95cDFeE0025FEFB6D2b7037a22C4D8,4,395;1033;1044;1045
0x27956E83Dc36AAd4f8467944a6038ad18a3017bD,4,403;1335;1403;1405
0x95F0134Dc099c4A6751a27608B07Db04FD0d469A,4,418;1767;1769;1770
0x1b4862F983AA573518B612f1bb1579F4b02796CB,4,440;1029;1068;1160
0x4481268e1A9F53931Bf596147c13DE2D71c8AfB9,4,465;1046;1057;1085
0x21D90E6F18f3848d9e45F34BdB4dfdde3FA09D1a,4,497;871;874;882
0xdF2018302550718860113243515cf7DB37e25Ac5,4,555;841;864;885
0x2f719aeB896b424666D79865180BCf3524641781,4,572;913;919;927
0xd3D6a2bEEa31085DA6bE2a874618D466693399f8,4,595;1091;1114;1126
0xef68A8F68f387377c71F6A86b7e7f98B8413471d,4,602;1353;1355;1364
0xbe7477f91Cda5a3CFdE46CA6e2D8fE8A1c51161c,4,613;1109;1111;1113
0x9EAd7008757634B6474185DA1151791F06c9A3b3,4,619;1295;1296;1297
0x9B5697a4c360a3F5F5CfC22a4b7bdF8D3D52a4e2,4,633;940;947;957
0xA4c4Bb40023257e6B2Cee5060b3680E4D433a247,4,644;1248;1258;1299
0xEC099DA9Ea96C4ccfeFC9F2438ca750991D44188,4,667;2209;2210;2213
0x63760D865Ce8b454aDE9174EBFAc3d09F074396B,4,674;1533;1543;1545
0xB4FcDAf6500181866743E8a848373A8B95b46370,4,754;1075;1836;2070
0x9B6e5967c89d05ACf5e27E6F4B480c30B7239688,4,1579;1861;1862;1864
0x7aDf30DCa721F792a4308dcaC6607117e697a432,4,1971;2093;2094;2095
0xF4b5b8A7508f3dff62E8B1DD6D62AD04d359948A,3,142;786;1446
0xfadeac61Ea21F6AC407874F326f18Fa576878d18,3,181;1060;1806
0x821d92E6E62A2004e2CEc914C23a9f346Add0331,3,189;624;1768
0xA1327498C64FBcB1fef5A54DFaca8b3c760e7c22,3,211;784;891
0xECE67ac3e383a613315bcF85d9082eCABe8adA61,3,247;1268;2117
0xa9852841e1eb5e1045a4620493fAA62EA0D6878c,3,256;1795;2125
0x6B4a83706762e1946e7219C28402fdADf7D39826,3,338;1404;1623
0xa8E17bE2B11E744561859C9C31EA060EE30bf37c,3,372;1772;1774
0xAB3c035b68497A586BDbbD1092337d83E6C7015D,3,536;663;664
0x5Cb58BfA6916c501cD3D0839Df2318A6e288d05f,3,562;1878;1880
0x1e0E5E9d85Ac1996B1F1B1559bA9F69f310F84AB,3,575;1152;1190
0xF551125eD168e1cd99c0F7b40aEA7e9A38b8e43a,3,598;1460;1474
0x824CdCC21ABe2AF6B69E6cA7C5BCF2e3d533d63f,3,678;1292;1454
0xd002E731B302286009AbAAFD5E05A9853f5f3002,3,719;972;978
0xF763AA8cb54A56404317E0a24745445cd9Fb6759,3,752;899;1333
0x67D2c5E0c19AfdCBa7E3AAd3D10A07F82C167106,3,791;814;828
0x3bEC795f86643B6E2c583637d730d773Fb9AeCD3,3,795;813;827
0x47D467391eD6a7d7512d236F20b272e8949120C5,3,800;845;856
0xf4e3275658D42AE4eF7bEC47883C4d395B99276a,3,817;826;833
0x4f5346c410f3c1ED57fD71c10a25bC43D665427e,3,820;824;829
0x1cB87e6e274229fCD9dD1fE12b21aAa3C834B322,3,822;830;837
0x2d269f1534DD8C0E997C6A2fb6FDDA84e18B9Ed1,3,835;908;952
0xef664bC9783C4F09adbD708C51E682c73F19899D,3,838;1274;1386
0xee5302C004e3999b302e48bB8fe76c6f3FB09538,3,850;865;883
0x6D3B90747dbf5883bF88fF7Eb5fCC86f408b5409,3,852;889;1016
0xA5552389C0c7601030CB8d82B487150855478342,3,853;861;877
0xf5c905Db6E7d38570c918D18e76cBc36aAf0c291,3,854;868;879
0x42fE39e1E0B52ff03DaD3911BA638A94AE237102,3,855;911;950
0xc3C252D020ADd12F1fAe475dF2dD1f7f2ba6A19B,3,875;1192;1331
0xC2F0FEc9C0B32dC7e5545Fae090c3C4D83112EAc,3,881;1006;1035
0xc7874AF372E86756222eF4b66C3eD37392e60268,3,895;902;905
0x957943AB3069e6E79eD0E39904adc00Ed5c2C80f,3,896;932;1373
0xdf38E76f0b06EC675b437Ea4373356e5272009a7,3,914;916;921
0x102407F67415dCc4068370625Ca27F24bB2A03d5,3,926;938;1003
0x37783873Ac27Cf083564B6c9Fc938679FA7531a1,3,930;933;936
0xB18da1b7AE1A53676EAB1213cbDac1EAf0E84654,3,934;937;943
0x05d997a86e34686699280dEb26524f11ee38A0E3,3,946;951;960
0xeFcAFD24324d68938861Cf19E62Fa4937789263E,3,962;965;968
0x43836b6441a90543d27C0d2C1F99E42547477386,3,971;979;997
0xcb0513dE316ed78e1499d030565EC1E62382157A,3,974;976;977
0xD11b33aFC5ff4EFA76a1541Fb4FEc1A2944805aB,3,980;982;985
0x8087ba2dbd054D5C3FA7E187cf6367D0D1bdAa0C,3,986;991;995
0xdC6b5549763D893b01A41aCF0D7d77CCb44f3417,3,987;1013;1015
0xE013229F1b7e0DCa432578667cf782550941cB50,3,988;1019;1025
0xE877BEc21E7F3132F8D40eCB17daC0e9da5C86c7,3,990;1051;1056
0x3774539539A91bA9dBcFbA5802fCBdbb8A40f45F,3,992;994;1004
0xc328205F0Cf0896A5b144A75B6e0001c30D6D52d,3,993;998;1039
0x48dda9B1B0FAEE50858eF9e0faDA4A70cbb61114,3,1027;1031;1034
0x80E8F298069CbE363cF8c16091D37171fd30A247,3,1040;1065;1066
0x21BACC6D7adc12D12CFc0B769b232B3645Be1F6B,3,1053;1058;1062
0xDc3a65e5f59eA9a85b82b7B605c61aCb4fC36527,3,1059;1070;1269
0xb306aD087865e4edfA8Df8790a769541c9eBDA7D,3,1088;1092;1102
0xDeEbf80Aa40957D70F539592056607C1A0BA8955,3,1090;1094;1309
0xaB7b49bacd43BD4CfA41433D477F690Bb9E1fB26,3,1108;1139;1175
0x08Da5F03FAF97f20b695673F5C1FFAdEBF1c6a82,3,1120;1670;2071
0x6cb4890d712C91020df2E62FB7BB869CE6Ca3e8A,3,1123;1125;1127
0x777EB74f93fEea8d506a57Cc2B69ECf7497a097D,3,1133;1134;1135
0x4F49C34759B7e888cE77de9dd34FEC63d63495CC,3,1142;1154;1163
0xb8e8C39c27A490A39023833b4Bb784F35Fd9C7De,3,1145;1149;1153
0xc8c090BE0CF73A1F9b6f66782fd385a37515C7B5,3,1148;1151;1156
0x877024f0B1864913175b17Da2268D1816cd27a50,3,1150;1167;1186
0x8fCC6548DE7c4A1e5F5c196dE1b62c423E61cdaf,3,1169;1173;1197
0xDbCBaFaa145337dfaae2beDa0f46437a2680782a,3,1171;1189;1191
0x9D6e5EDAd1e490D6a5fcF5ed41e605dAd8324a0B,3,1179;1201;1204
0xb75c9369e137fac6C7726a036eA409bB6FdCD601,3,1194;1202;1414
0xB85b5e53E2De67cfC6B80C43B4A0fA845EB5dE8b,3,1199;1246;1267
0xdDE1c2D9203b7c3f70B3E0e05919CF5429dE3E10,3,1206;1208;1215
0x3D4a7bA6c4a113B55ac09797cAAF3765D9f7305E,3,1207;1211;1212
0xF623CBcE211c638A2b639672C812DcDa97ad1742,3,1209;1214;1216
0xac98BAcea01DDa379c52C78329dD84bc2b45bC32,3,1219;1221;1222
0x4ACC33B72159CBbD92660e04Ac1AAE003a702902,3,1220;1223;1229
0xCF3AD6c9D1839705BaC02fb3701A933Ecd9ab9e8,3,1225;1226;1256
0xB34C68153EB4991A57C3c9c9137071Dd0387759E,3,1236;1244;1247
0x2e447f08d4996a375c591BAd73937ED2318C71E0,3,1251;1252;1255
0x04Dc1bDcb450Ea6734F5001B9CeCb0Cd09690f4f,3,1264;1265;1273
0x22e81335f9D4A609DF42f56ba5B583f565995296,3,1277;1278;1361
0x1e56620C50ff92922bDE5D794005e57428382C85,3,1284;1285;1286
0x24254Da2FB22cFcB252DDf85Ef35a812eACF7262,3,1288;1291;1306
0xb2F9B85b8ad7E2ba37C076501B03B842c1409878,3,1305;1316;1318
0x1C6DE6b7A55EF7aDd4247E2D26317aF573287A8E,3,1310;1312;1313
0x8bA10F45657D7F6E4cA3e089C43250a618a6dfDB,3,1321;1322;1334
0x59065eE728AFe1700cAAC1d86c2bFC9448ddf5e3,3,1324;1326;1328
0xdC06D8EaA3dC6C68a447849EDF0897E469386E67,3,1329;1332;1336
0xB0eB8B4003fDD74f3c7994fBE5fCE95aD10e3BCC,3,1337;1343;1346
0x20CE68B0A875023D1CE516A928a082ac5627FA7f,3,1338;1340;1347
0x3Ca72faA275116d9DB72B3dc979F486ccce01B26,3,1339;1342;1344
0x751F98b43F160F9bbb7219E47dd2cD83f70aDFE2,3,1357;1360;1370
0xEF125E49fB1a1BC5F8025b364Ca5486368ff87a9,3,1376;1383;1388
0x9F31Af12fB817870ebf060e591eE349349740Db6,3,1378;1380;1391
0x0C3904B9C40E3893c6591c39CA5dBCBeEF0B0D7B,3,1381;1385;1389
0x82e22846EA9D1Fe471006587d0bEfC3384F2E4b2,3,1393;1394;1396
0x3D70B70D9B88aABea23FcA79f534f36342980240,3,1411;1412;1413
0xbf99aD45E226ED29cB040A4123ac132EF03B5386,3,1428;1430;1431
0x261d4171E89508F6bf48bC2FD98d0Eb5e832Dad8,3,1433;1434;1436
0x251DA907ABf0272890affF505eB78998C4F3EFAf,3,1435;1438;1440
0xa36C1fcF5F02e89A718FE1E1CEF838E3cF1F682B,3,1448;1449;1450
0x297047202890fffc3F53a0102c89e3AB63589E97,3,1461;1464;1466
0x4aDB9Cf90c2a3aF77A23199d5D6398e3d43d78C8,3,1463;1467;1471
0xe0a46Db77FE3932a901214BFa0A1389d3E996332,3,1468;1534;1541
0x4Ef31AbCEAAFf7b89007CF94383fE84130e07700,3,1475;1485;1491
0xAF34510bCC2a3F80958846B966e3981b6E443871,3,1477;1478;1479
0x8B190A162E643760D91A02FB35Dcec858C4E51DC,3,1487;1490;1516
0x3D2f5127c0fBd4BA0d2823Ef26245280cD4DA24d,3,1488;1489;1499
0x0563C51Dd15eFBEdC23dFb7070C9947C37468B1c,3,1498;1500;1501
0x76cb04dd781deFE640898D54bfB1e98d3EfFAf26,3,1503;1504;1505
0xc9E0E0c682AF8566d1a4E4327bd669D7Ab148e47,3,1513;1515;1523
0x8482DbcF4310F6BF473Fe6a25F57db045BB0dDB9,3,1519;1520;1521
0xe6ED193b1776d1C4049A5ACD8cc03E4B1592B757,3,1526;1527;1529
0x126B538980a2d389D610dEf4b53B7d5cc643eaDD,3,1537;1538;1540
0x7CB78bB124778d9a7c6a865801fADb15dDdd1d5E,3,1539;1542;1555
0xfb66964eeCea63F7Fd0fd3B7f9295D1482Df7319,3,1557;1558;1560
0x71e862A186FFfe737fc3315EE242222D65b51fD0,3,1570;1571;1572
0x8D4E2017B84582bBcc64B77F47104A59b5B3C8bf,3,1578;1581;1585
0xb2C1c6884671cE7804bAa59Ab6d845a30dA0e03A,3,1580;1583;1584
0x25f3d72b1982249A409Bb573A72D00566BDD2CBe,3,1587;1589;1591
0xca888F977EC471bDF9C182552b7Afa3F249C4e63,3,1588;1596;1624
0xDc96b33BCd5F8b7A7dF894Cd5CB4C3F90fC21A6e,3,1603;1605;1606
0x75F67f3cE3bcBd8775889c9506C7FDaaF955D986,3,1607;1610;1612
0x688449b3D1B832eFF8543f492DF3a215feE10dE7,3,1614;1617;1621
0x36C8BBea98BE7EC123646DC36F7f0e61AFBec416,3,1616;1618;1620
0x0Baffa6C36D2737a128CF2FDDcEB4Af7DD97b422,3,1627;1629;1630
0x03879dA9151Af28D8Aa88a407D29473086b03f35,3,1641;1643;2204
0xf614f963b3d0AeC9420ec5E2145c50F2913fe66e,3,1644;1645;1646
0xFc269f7118fbBEf854bE487B46Ed0f0Be0674668,3,1651;1652;1653
0x7C73f2356634133a879733a67f9D911eE23887aB,3,1661;1663;1664
0xBd76867eb4198DCC871CA3fd30817a31c38f9dd3,3,1665;1703;1705
0x18c15Be567A298799F817149f9BEd20071c55e4d,3,1676;1677;1678
0x328c9417A862dF04255C9744Af4D59E326063DDE,3,1691;1693;1695
0x1548600f1f56DB8d97C14c423CA267F4162A4EdA,3,1698;1699;1702
0x810fd51A53c6d865D885e7c6556C815e1787BaF4,3,1713;1883;1912
0x47AaE2BD90a0ec3f7b34906eB1CCADA9603a5042,3,1724;1725;1727
0xa7F053d0a4dF46577428B84Fb3A59e98775eE698,3,1726;1729;1731
0xBA0070e1FCED106f45F21A8091cc759B0658df5F,3,1736;1738;1740
0xE76122aD1466ccEbDa45D9211A5efD1FCd97cFc8,3,1762;1763;1764
0xa5780A14D3c3A9a8ED53A5E66aC4ce45463CB098,3,1785;2040;2214
0x1A1E4708FCe01d805d6Ea468E3C1EF9D1106b1B5,3,1812;1815;1830
0x868516C4ebaF643Cb56f85289ceaC12F406A9E78,3,1850;1851;1852
0x8cc4B891E2B289B32e5e77f79f15d6882C9bc900,3,1896;1899;1900
0x140d3484461ca83E707ecfF678966D01be9fC299,3,1951;1985;2022
0x5Ed851eA0D002F33D4521ac418783b7502B5f9AA,3,1977;1978;1979
0x090eA16a48bf0Fb533785aF686Ee6ddd3add1f3e,3,2004;2005;2008
0xF02245Bd823dA35Aa3a5C661e9174DFbaBC2fA3f,3,2007;2014;2021
0xddFA8BedE71b4c8CbB50ADA6E81E1E5180376bfc,3,2081;2082;2084
0xc49EB95518DCa5f05303eFf91F14156727015479,3,2114;2115;2130
0x7c3c36C496a173E933709c7D882cD1e84b7bAaf0,3,2134;2136;2143
0xBB5905325Ea3Ebd3f2EcFe12E84B1b74C1CdBB1a,3,2152;2167;2170
0x931bd858fd7BC2960F51a42489B84805881036cF,3,2175;2176;2180
0x3094Ea2500822117A3518CF76518c4f2Ec1f01cA,2,117;2036
0x9f8FFCF4D57DC59056581CD9fB7C1f1592878020,2,118;2076
0xD34031CbD2073d582d2d79da463951c1C6dfb779,2,121;180
0xE65a3AA10e45142F243C4832E67a3Be201420ddD,2,125;369
0xdacE19d65488596Dc67722453afA52267958871D,2,131;640
0x1cBf628030dA0e59874e76d5BDBA40f40717CB43,2,150;1238
0x4F80B5c475fcEd34fc9A07FfCcF39E1Adc1406bf,2,156;1877
0x7171E64E979265aeD6588577D1c6b60A701d7866,2,162;585
0x73ddB14AbF93eC0Fa0E9d55df0F14ed4a7228dBF,2,171;173
0x290f2096Cb6f24cA3A4513EbC13630439a55D31e,2,177;579
0x38aE65A2F8C0fa832f85Ef1F81D6A7f37401841F,2,190;511
0x45eB981156cB0AF17b4bE135362865e6D4adF5c8,2,207;487
0xE17216da64DF4D428c886612e5882c7d6D6eDb71,2,212;2219
0x993811a7E375e22e22f2C1AB7BfA46AE76212736,2,215;1889
0xC84AEAFF3dCa1c8F90CF1AEEcEf6439E36a6128F,2,222;250
0x76eA501dD51113e84dA0E0C569839390f000d651,2,228;2142
0xf62851fe4af9DD1822530f540a54DbB699295581,2,254;517
0x469Dbe959122C5405B10AeBd0f6233A06f132465,2,262;574
0xc92a8Ae80B9676eCB816e2864f33b6e0639B2060,2,264;1706
0xbb46E65BAB7719C3819b1f7524B3f3878D8eC2A9,2,272;725
0xb23a8cf07E1d22a8670bcaB9930cd212fFa0A87e,2,303;844
0xf82BE06B8C02cCAd709791A16aEb6Bac57e2ebCA,2,315;1668
0xdAA9E3CA7500d7Ba3855dF9d8BCCde229C13919e,2,324;1969
0xb2639B276120f1b47829faa327D08B654e4B8328,2,334;597
0x14D8C535A739052b9A95f53E6805EE6b7A861c53,2,349;1038
0x61F3452194de23C765560415894f0249560eCbdD,2,363;1497
0xA6e6fA716b55A08f3F75E8B99D954725Bbf56927,2,409;1964
0x9b9d813768A507003C5DDE12FeF9F065D58dFA1f,2,454;1495
0xd04F51FC6F38BE3A19Aa13113C7f02E27318e147,2,519;1826
0x651817b6B7464B61C6c6Ef87dA2BC84EE0E64377,2,530;1722
0xc5fd654bA7c9C9d6b5710Fc347c1306e855Ec582,2,548;1940
0xb5e587BEc428d89F24A771A8c3c6040f5c7dC1Db,2,600;1170
0x1bDd2a02a33c70f7E1672b83652F0e5fC1E5EaFC,2,627;1112
0x421ebF87bd3f108127136E8268919fe3a70f8402,2,637;1872
0x911e380677311cCc28568bFbB3D5f5B3efccF84a,2,662;1172
0xB055600E0Da3f2d629B8874f1Be95c2568524591,2,695;906
0x48126c48F9eA786E44e2DA83DE614f601AbDAC2f,2,704;2172
0x3154F031ef03b09BB93Dc425084Bf02F9dfBEdf6,2,709;1217
0xDb33a99f64A75Af9DE05c8E0e6a47cd8fEd6C8b8,2,718;2103
0xed89e201c2355C2fB4098C78A14088fFb3Aee486,2,732;1654
0x362B85BC502ec421fB78EB8ee3842d444f5574e6,2,736;1371
0xbF5699f05a5263cF40FA29927D630E8aC1A2a257,2,740;1406
0x21BF63C0418D4f1D13f884C50498B2259B321b43,2,749;1825
0xdbEC81b4Eab0B5234dBd9ff7c456BF750d7a9086,2,757;1124
0xEFbf7657C56B3DCF08C7bEBb312421f1D4Fcd9EC,2,779;1510
0xB85CFc1CdD03430E3018E07861ba3509cD55015a,2,792;2066
0x21814F7481f07BA48d2CA224dBA62Bc1f5B447D0,2,802;1082
0xc66715A0df11E34EE593809e97d6903f86DD5105,2,809;878
0x85f59090BE8DDfbE570C0e5AA4Cb14f04E3b67DE,2,812;1073
0x7117248Ddc900Ad01B78C02462B09f3c594b13Ea,2,819;2046
0xEbb572059363FA4FfF24781b24650Dc8ea74d33F,2,832;1921
0x7F12698Edb37F3647ece93B99Db0a0e95282f837,2,834;1923
0x35226E78809a5DaE4562B0B1fC4cf96cdb6A01A8,2,836;989
0xF20c7C1506F387f9df5E83099179de0dBd7D4eFF,2,839;1180
0x8f6d6e2B57784795F0F7aeFc75A6edC37fCDE22c,2,846;886
0x51bB975dC0A8c981e1534cBdE4Eb4256a162C076,2,867;901
0xCa7cd4c133338DF50398d576C8CAe48Be76399A2,2,929;1042
0xB6f05ff0e31C3904FEE89B594e611236C4273FC5,2,954;959
0x2Da16d778cfDe3C174A3CDb9a8d92CE7C9b594de,2,956;1055
0x511ADc275852Fcb71daF58Cbb4e895a081C0c737,2,967;999
0x23a621084DdaF8644c80B645fb3a56f418e4a0d0,2,1022;1121
0xa8337b477b76AB4A2658b7AA247d1542eD150ee1,2,1032;1099
0xFB228336E83a81B1DA21594c884551f87Fa079E7,2,1049;2220
0xeDdb28083Aa9D364E6B23Ee65A3eC77435C6E7cc,2,1054;1101
0xdF238F5161B7efD526efd8067086cAd7497f3b52,2,1067;2099
0x5180aB6177763919A0c8d72347Bff39AED7664A2,2,1097;1098
0xBB4a7c9572284257C9E41aecBb96f9D542210c90,2,1115;1119
0x026B4e03bd8594ad51E76819eB7d258a0a616344,2,1116;1118
0x3Ca6eeB49B3c9de67Ca09F255d23649ade1e3999,2,1129;1290
0x49e2931F02Bd471Ee6F9c50fC1c593A3ae956Bb5,2,1137;1141
0xB189EcDd3dCB310DbB0659f0238016c277574F89,2,1143;1885
0xBbF4A78197cA5FF572C8875254C6742988Ae92Ee,2,1164;1165
0x534D4E798B2644266E4C431545925aEB2cE764bb,2,1168;2012
0x39afE2176De832BE2A5164e5fC91E27D1355c88d,2,1185;2043
0xbA8D6600F02CD4Abd93eC63Eb99463a18aC75004,2,1203;1210
0x6020103332C6eC6B255EdA18E981473F2D3A9699,2,1224;1260
0x3b6514326eD0362566E241210D43a90edb6287C9,2,1235;1237
0x8aCe464bfB0C502Ce1E9ac6D550A0c60a2B49a36,2,1240;1262
0xeA911a4588b36aEb1DAb90ae3FB58b6c44a37191,2,1243;1982
0x8Fb9698eb97Ee05B4190dFe031F7bbad369Ecf2B,2,1250;1253
0x9cC50F63FA3e29163E8A66fE9bf46D75d151c159,2,1261;1828
0x9800D62447457fA8D719f735201dAA7900DA756e,2,1301;1330
0x678B469988173865C1d482D3e217FC853e05195D,2,1323;1327
0x0F8e28e80A32582FAC87CFC3106953a59C9ef4Ec,2,1348;1486
0x2E7FE8551847302a76C9c2201B7228fE382d8a82,2,1349;2035
0x045932482Bc6681e10D1132fC08120E83706d4a3,2,1352;1897
0x00Be49DBa98254e508e13226dC9F459E62E2c934,2,1356;1397
0xeB75A45B99a8698eBC45f24A1EcB57235cC0f875,2,1359;1362
0x438C77dDeee736709F0f29a118dF94BDC279d41D,2,1363;1506
0xf4A97dD7Bc8b9C536f7EDBB6065C4FAe2d55472c,2,1366;1369
0x102B475f101B7d2C65d756f287cf499533F982A6,2,1379;2063
0x9C102c340dB176C87C3460D478Cbdb9603FaC261,2,1384;1511
0xDA5450A3E5e0AAdE5194Ecd3a9E8ffae236e43Dc,2,1392;1432
0x410A64D921d24bedCeD30e6Cd76D1ccD80612e58,2,1421;1427
0x9889F990C52dE2a6897372fD9AB6FF1c5efa3D05,2,1437;1452
0x4fE4FE34dfd1Cc0Eb0fE6cF6FaF41F65e3A5649b,2,1509;2065
0x97646B3fEf515F573Ca580E8057F0DC82779c229,2,1512;1530
0x596cb04604C2fe7b2c5834d93226c6a6fC11341f,2,1554;1564
0x989cB756d4c2b739B29C85FB2C25e6467feD1d3A,2,1556;1562
0xa4e1981BC036b0378f2488B091F99a7399d4be1b,2,1622;1647
0x5DB2419091014463FBa8E76727Fb35735a5D42Fc,2,1636;1638
0x9bD7a342706231f092AA3Fb70a35e015E67E8180,2,1640;1648
0x0199cEa5AcAD1C4370864e82611D3160B9F804Ec,2,1662;1672
0xC544fdF62D2a90De10975c556B9E2cb2B354102d,2,1669;1683
0x291846e3869bb7198d09E5F598D8aC86B4161C0B,2,1682;2077
0x33fcaddB3Ca4f9a556324170d911e36881f871ba,2,1689;1735
0x4AdCbEbaaf46EA04e41f253c587FaC65E9291fDC,2,1690;1728
0x9f5DABd712cCB5d33d054F92704404118D4F5BDE,2,1711;1752
0x2B2493E84E5777228b74290Db704196d19a6AF0A,2,1733;1739
0x5500E69d58D8f80B236C8A72FD52C538a5D5237f,2,1741;1742
0x68c646562822AF26398848A912A85417EF42eDaE,2,1743;1747
0xb9D7aEa9121226656394d216aba284f9A0a74c77,2,1746;1748
0xbd871A0119e63c410506beD673d3ee68054B869a,2,1814;2121
0x3C97F4540CAbFA61D5a0B913F678169eb74be62c,2,1838;1840
0xe758683cA38Eb92191B1d5218c91c23D736D30b9,2,1854;1856
0x624F4F15361A945E0A5afE71e5E0C0D364bbDa7B,2,1869;1954
0xCF36aa16B6571a0BB1cf3F83C9486B70D0ACa9f5,2,1874;1876
0x221D3a852B62480E9E2BC6f995D8F752f17a9a85,2,1892;1893
0xA6bA44Ae78680D2804D64590721965D549d0E6FA,2,1903;2157
0x1789a0FD618B40e9DCa42c486d4081F7c8e909F1,2,1924;2217
0x612d10aD185F3030eA8DBD4199B0B74f8360eA4D,2,1948;1950
0xc3A1097A5516d4EFe9E93c77643b6301445e0cD2,2,1959;1976
0x9571B14092c202C2e5827404A3F220372Cd02f34,2,1967;1968
0xc25d35024Dd497D3825115828994Bb08D12a3aa7,2,1991;2000
0xEb5aD8EA6d530E3e04dE00f82072ae3D7feDF5d0,2,2013;2203
0x5A1d68934c56F5289997fBEA876F879B1840CF94,2,2027;2080
0x68b2ee1348cE409492E2C954a62DE887A57ae14A,2,2033;2034
0x9224255f0b6bBD025406e8b6f9cA722EBeC331dB,2,2047;2192
0x0e9890B4bfDce2088BE85934661B19eFe367D3C2,2,2053;2055
0x32f8faF7797b6694a041618f33BdB5a7ef41cf61,2,2074;2092
0x100b32906Cf235342a5eBE08A7d1564deD0e5cd2,2,2098;2202
0xb88b497CC0f685a15E692cDB951016b77dd2A0B7,2,2107;2133
0xA4b5741B8f0Eaac20fdeab43f345c4cA1cC4A833,2,2109;2118
0xa09eE279487ff6820884165f941aFe6f51d9e8C7,2,2112;2113
0x2AC5F5A5a20D4907991e772E81933388c1e35264,2,2151;2162
0x289E134043c7E08C5B4245618e53E9FB60b4d820,2,2153;2155
0x8eD16e19F2aE9142AbF9221c08A384A568dFc710,2,2156;2159
0xdBC0513Ae340A4B12dF945C9d5B5a3Fe8B9e9642,2,2181;2195
0xE79F6a370A64Bb9B8c311d2e60e954eCE0d6c4Ff,2,2184;2185
0xD036B74eeAB1D45223B0Bc38E97ce084B50aD137,2,2198;2199
0xC6f142e4D87167f81c6076C29ba6F93Bf3035C75,1,113
0x3185b473918ac7f6BF13400489CD696d45f1Ec18,1,115
0xA253EdC26a98d6F410b5E099d33d8AfB529F73e1,1,116
0x8Fca0B77343fdEA9a45b746b2915A445A4AAbD2d,1,119
0xb63dCD629e987B091A7ABc367643e09Fa141336b,1,120
0x869466e4a4fEb6589E5bB39b7f5de38549f53B79,1,123
0x0de5A5D50453e702ad66D3FcF7c986f408019FFd,1,124
0x576AadA631E77700AD16A4cB4cD7209129f26907,1,126
0x848d05283690e4d6f1A88533DFcA83098B1d4130,1,127
0x944140a217deF1370eeb0A8c51bCAAf52e6a873B,1,128
0x85BCfA5098AAf506D9590dCA8dE3CFf68A2e6Ea3,1,129
0x4Ec2acb97760522a74382323F9cE6A1DEe4347E3,1,130
0x3aff39a76d775D7cE1C4153c7e68849fefD5f22F,1,132
0xdFb43A609cE8B6597FcBcad6cBc2fA0C461211C2,1,133
0x26832168725c108BDD1c2174B04cD8A9b6e2a656,1,135
0x1ccb144B700EC726d37Db38c617E154De6d9c0d0,1,136
0x90041b577B1153a8F8a8A3bBF63f9587075E3Ea1,1,137
0xe74e2db98C490c6659eCF3048898eb9b3c26f740,1,138
0x4c73d1dacc00267176188A16579de909E07c1a80,1,139
0x4dfcC1459E9F20D5092438A63e16A0D2ECbf350c,1,140
0xE468819dC63ACE42f071E43a42C499fA8d115f00,1,143
0x4E6Ff30778fFC36fe3A1dce8Ed21DE340E012E88,1,144
0x7B8f0B8E09ca522Ad3418fb89B9176f1bc74644c,1,145
0xf97f9333b2086894806bb4399B78bf018724b7A3,1,146
0x9D4804825145bE7E773bCD70Ae58183Bb4a5c36A,1,147
0x468cbef6C2b16dfCEd65E2Ba728c135870858C9B,1,148
0xF8378BFB1e38d1D8b9799342Aaef9016fc52137a,1,149
0xFA0e543469b5F9A45F3fDbA1BC163c878253446C,1,151
0xb007fE067b7CaCa64359828026E629a8e0bADc54,1,152
0x03f2aCAC940247c5B1E8Fc7e399FCE735bf26F95,1,153
0xc0F47169dC22ca3194d2d5563240b7c39F0e62d2,1,154
0xE811c752b110A29A7dda579B826a37cd0833b581,1,155
0xfcdBFf7f2352b6a2cf3Fd432E5837821bFE63773,1,157
0x6C31212a23040998E1D1c157ACe3982aBDBE3154,1,158
0x792831D67F4A1bCD323dA4358Bd6d88FBddDCBa6,1,159
0x5ade252a7F52B9D1d4C07030d9d4d39f023f521C,1,160
0x8F25e88b6B5713613c6567ed680f8885e84c6706,1,161
0xa8a85E7dF53c495cC90f06D9623b82163e0a8AeE,1,163
0x5C77Dc8Cf5C589D0E8FBC789eaa221cA7f4D154e,1,164
0xee32Fbba4597b9ABCbcF58E84Bbaf29d71Ee88DC,1,165
0xc37eDf6B6E914427BFB4b30F064461c8b408a5A9,1,166
0x38A1D8207505FA5F972276fe62A6C61bB5dAf291,1,167
0x005AB8A37d1227d759062e687a0999Af1DaE7e89,1,169
0xAa737c0d4aC9E56d286d40083372851FAa8Ef6EE,1,170
0xc6F38CA3B9F12a7C9B17c6d8E832779adC4F548D,1,172
0x4252cf7BcC11f5F314D2E9Fdc3214C26E6CbaeA4,1,174
0x72cB275701816B51347995b27Df6a5139FDFaF89,1,175
0x30c7B3ccC6C6B8f09e417C8769efAb8c008f2d7E,1,176
0x4BC3aF498CD515dd0Fa4b0184D6cf13e03760C0c,1,178
0xA97facd6bf13Ccf275dEEc3c7fCc979e36cDc34D,1,179
0x81AaD8832D89EeF525DbBd0ce24E74d17de2c6b4,1,182
0xbAbbFe8287313A098900Da3fD454c08A43b9f1D0,1,183
0x0Eb4D08BAc0AD60DCC1Ce8027f8802f4325F3A82,1,184
0xE6833272019192c66D5a3843F81daE06a2A08622,1,185
0x194F7053555518DF0070e079Af2e62aF3E06f139,1,186
0xD457512A0D29FF04915C487AfF99B3C06c40e577,1,187
0xE163fc07cC36742f2e93176a053A6794023BF97d,1,188
0x95D07fE386093C92434E2753CDbC4CE821778891,1,191
0x1fd2897Dd395aE93a16E357362326Db7130c36BD,1,192
0xE03E5532FC49789733333D5946cFaa0693313C00,1,193
0xea0cCc51e0fA1450888210aEA3C5e1D826FB2817,1,194
0x93A51cfC89DFF4F86C23eDad1acCAf22C1cA689a,1,195
0x86d51a3A6A8DaD37509645e8668CF60A2c4bB9F9,1,196
0x46950F4cA9063716869a54C148dFB9160721CCbD,1,197
0xd68d551752238C0aA47f1876af8C611668E22bB4,1,198
0x42E8426c28B064C1D018013b38b10c7C049cC41A,1,200
0x6285431B7bE9e2ae4E38ddAE35f0f9CFBd669A4C,1,201
0x8D0D221c9eb6376c277d5c79306fF7D13b4b09d1,1,202
0x6a1FF2AaAab0837F940ED7471E16d84e8953A035,1,203
0x378092591De32225f71E58DAfB5339172bBc0990,1,204
0xd7427631661432DF2864c07eb42a5104B2Daf135,1,206
0xEDb787ca86DFC77120934Add53B861641AaE9650,1,208
0x29F42049C099572544E0EB09cbc8B6695E4A1C42,1,209
0x72463892E729b496b2311dA637fC96485A170666,1,210
0x0E21A9cb59a5D0589aDb0C38Ca4ec2cA972d783D,1,213
0x4a5C3247bcDa98BFB7aA5E92401A6346Fadcfe5b,1,214
0x7ffd590b6f044A04E0f393987f8261ECDe5A1fa1,1,216
0x4dDEBa3cb70e38DeE2F22071dA5F71770D1eCeF2,1,217
0xBdC4d0FE81a7bf6f569A898267f8C7Fc30bd2121,1,218
0xaeE3c7b1DcFc6faDe502629309D72741de4ea2f1,1,219
0xc7b1b023aa5CDE62118e227a16019324B57e23aC,1,220
0xCA306D1c7119D22d462D4ae55aE1F148bBE40888,1,221
0xD15D94D4DB1fD295619f4cd8f3227b22C8166Ca8,1,223
0xdbBD3f037fD8e9b7a9d8fAAF8ff4B7B29AE2c7f9,1,224
0x76e0438D8da85c5E3D06bd98b22FbA4222e80e79,1,225
0x4629b2d672Ee6791AAb629912114825De021A107,1,226
0xdE7B894dAaEc1609652dC6F50ba0C53B26e2244C,1,227
0xD88B2D4B5FEbF8d5f440DE9f4e5E216F56fEa1ba,1,229
0x632c763317BD3A106892b07997c4F6065121324F,1,230
0x3879956E8141aE86C89A72424d63E1A7c03A77E4,1,231
0x7B60da340Da8350cB2525779E62E1Bc9B726002d,1,232
0x8ED68dC944d64454d10a5D5371ee67f89aFe3897,1,234
0x1749b903fEcF69ba4784Ca45452AEfA8d84D71D4,1,235
0xB961E9155464349553C560fdAdB8e79eD3a6f54c,1,236
0x16CBedD9875907Fab04fe7bFd4697C6cb742d351,1,237
0x94Df486d17FCB36A6ed97d946e1cF0d980037381,1,238
0x6330528C466dC7b9D49064FC40271c1d459aBD6b,1,239
0xDafF13e4924367e6BDF675a3f7392D54C80859d4,1,240
0x197d1787FE64Ada260cF4215B71dCBD85656De58,1,241
0x45AE9D10dA06cEa5bB6947aAee76c6656cC82B9f,1,243
0xE647504A51C7B46d26DCF80805C4f0bCEe70220B,1,245
0x34aB159F35D68520D96b8eea8B9F084272391d18,1,246
0x70db5Ec6B869a7D3B07D6D7a435722E04f29AaC7,1,248
0x6434597171304b6a75bBaFd94c0F013fe8F3824A,1,249
0xd57d3f0f31047F2c5e1F1b09F96eFd23C05b1d5b,1,251
0xAdfa6eF1D6223225FEb30478601f69105010492E,1,252
0x77E35396582439d1202F7Dd26e00686d0bF65BA0,1,253
0x125DaDB11BB7d0C6e947bDC67292dE4d032A30a5,1,257
0xA89499519c58bdBfBe8Bb3354EaEFD3527eE485e,1,258
0xc2429d0c1fbb1E6F283F4f8435D00D002405F360,1,260
0x77B330648F9dA9875F09308611F19D293DDE3c66,1,261
0x17a1eBec5AbE1Fc794D5f55562dCC217ad35F356,1,263
0xd9151A01583B8C1f9FE5b69C212477F8140580aB,1,265
0x837D9820f3D74b90e6fEfC58C17B92aCB857Ff7E,1,266
0x089433F65184C66bbEfBa4d23453463A6B064Ebe,1,267
0x19f588123B215649280BE3dE653F6F6445dcA255,1,268
0xDd2f15E8d31AE0a53DBE9319fE1C45A52b7a0803,1,269
0x52F50bF6Ea74eA739C5c6E92006fdADbbB5Fd28D,1,270
0x5A3f93d1D7de357289B256e724206c9d323a3F2E,1,271
0x972d7A27e05df1952E8543445Ae286CaD5a2Ccc1,1,273
0xaf790cA257ad44d788e2b1C52BB9b9FD0FeC413D,1,274
0x936eCE6E6FeEFfFD1185F14cccA3c30aaaCD3F6a,1,275
0x3d9192f29023A1A6DaBC62ef707FfBC944a52B33,1,276
0x54bf5834b8Ac11A33f98dd3283e496d89768f490,1,277
0x3F3532d0dA205E69C79c05F18352C528d1a5C05D,1,278
0x0930A3A5AeD7ab849db5A4dF6d412a0e109e3ca0,1,279
0x25f2D5799165A1E0C604eF5519ACCC2fE5F2150B,1,280
0xb212E85c263094DCC95FC98f646471440F0fA931,1,281
0xe5973DE6BA77351Da5097204F89fDc8B42bd21ec,1,282
0xdcE375c89e681cFcF56Fc145C4E946fa500012A4,1,283
0xFC93B551854e0379d6cf77a4ffaBEEdf57E49995,1,284
0x149AAD924671b1b5B68F074dd990F34f1c14A2FD,1,286
0x29336580Be28abECe6412836819a5c22E64EE997,1,288
0x477076DF51B972179F012c507fa11AA169AbDEC2,1,289
0x27b60F36c8F7F55E0c41A9b4033D730647Eb002b,1,290
0xcEb4A8BFb9BF960dB32eAfaa5e1dC6B8284bE1E5,1,291
0xEed558fedbAA8F99A169DFd4dEfc400e96C00cd6,1,292
0xb66A3951943ebbbDf31d99CF28b716CCDABd4d38,1,293
0x5e7B950822C17Df80921886a52aA8efCD504f101,1,295
0xd8fc9c0195997eddbE77984c7c5BC1452fdb2435,1,296
0x6D3a6FDa22aA10822326eFdd4501c0eFd8958148,1,297
0xCdd2d2fcC80C209b6D33ad94ED3E01166a1fe623,1,298
0x66D928B9a886C851410Ac797806630a3A5773739,1,299
0xF7280f5b6Ee18C30841a29110F6fe5366FE9c501,1,302
0xE0575d5B54A1C908578E927eA8c34D6337275036,1,304
0xfcB61B73F3ae6003a14911570b5dD9B1D6C70f1a,1,305
0x66329E89c63d2786bf23B30050Ed74b55e5476e2,1,306
0xeB0d195B6A9E11136336eE6c2759806a98F12f1B,1,307
0x18217753c967721b7a8Fe8f67fb330A1914D1323,1,310
0xDF5f4A2a5FC188c9C71A125d36015D972286d67c,1,311
0x089B42092B06348b2CC2241012bA24Dd3058921C,1,312
0x6B7646D26D799FD1aA509E2Fc0e6733A2e246964,1,313
0x1c5A477F49451517842504b6c9ad1E74455c12F4,1,314
0x1D1A547B52f26Cb7041065544836FBFA8043b6Da,1,317
0xEd9bBf4711Eb9b8EE73f2B17aF40606069DEF6e2,1,318
0x24486204E692fCD8d1F218AE1F311832F42eD06C,1,319
0x2407Ae4297D548CFFd44b34048Bd835f486F5135,1,320
0x67a5Ab0aef8e6B3B2aE4ba1d514c2CCce2CA6E56,1,321
0x448fA9D4442BB840DEEB5BDC1388D5b0Fe3a9820,1,322
0x79726B7217C2860b858c4063051E0543307341ab,1,323
0xD3d1d6e23EA9Ae3103de17578ED32aB54a26BDc8,1,325
0x4C735538FfF14605A9ECCc1c31136542a3D3e73a,1,326
0x4227e2581eC746BC91Fddb258c7a29f9E06A9316,1,327
0x2fb3476bDDbF508D40058Fa7159Bb198bd6A30a3,1,328
0x48b10F8d76C4c6BE536682bDC662C55F43131537,1,329
0x7A7acF2241C2B388B6B7eB8BBA78f615f6F773B2,1,330
0xA390E61bFf344E4fA301AEAc9CB5a8eC68D57334,1,331
0xD24E152fc4A4887388de978F0174AD43E5B24980,1,332
0x53F9199bAB361a515eb508b4E3Bca81485A428Cc,1,333
0x69Aaa47C562F0347b98532736accf3746AaD7e45,1,335
0xd43BA4193920dA3A288AAf3400dcb5be62fB1dee,1,336
0xC22C8FCB98A4Cf3aB22cB8F246991B81F97c4875,1,337
0xDCA459D3a8fA0e2D26E107fa9f5964D8a3Bb917c,1,339
0xc530D2720b72aB28fc6EE52b37161B2e647e43C2,1,340
0xB2c42b7CA433F5C176FA7AE93815f7C91974C28c,1,341
0xB229322387f4766cF6735c3f05ab1036c2aaB1FE,1,342
0xd700e45f3eE9Fc681BBca5d2a0655e6E69e1439C,1,343
0xfEA124B6e18dC5305C3A2eFbaA41E2E296CAb404,1,344
0xfa7b88361a36525049592319888Ff08f2c67dE83,1,345
0x4ba6a9FdAB4dDa3337dA9a03E7cD0fE97A21de55,1,346
0x0750168Bfecbed7777451a9AF874B33BBed51890,1,347
0x6313388FC94af4a7779EcC148E8e91C5B03EA0e1,1,348
0x9C9293864614E4c7E53173B4B4e693773EAD04b8,1,350
0x67F91C78413a1F782223d9332a327893a0aEBB7c,1,351
0x09843844d1D73Ffb9825146a17BC9e5EEBF5B3DB,1,352
0xcB93537f5Ed000ce3F9Ac5D2C8ec6Ba766fd1C12,1,353
0x18e074b78CA0DabB1D0553377B6b3e45E25ECE39,1,354
0xA7e29A968C8Cee50A66804Af50A3Bfa4af7cFdFa,1,355
0x6DAA0e9af60d9f552731BeA31803C778A157A78d,1,356
0x530AeF31073a40EFF1251F8d5154f2444a29Fe3E,1,357
0x4bE247D20B3cB51401896159AF4E28d40EfEE444,1,359
0x9e7b8A3f0823fCDEdAd503905aB80B94cdDA0d05,1,360
0x650cd55C3f8e86F8b48cD189381659B2ae1D7c24,1,361
0x9fBb04B5bb022cdB13365FC4e052112387A34409,1,364
0x4d1C54a965D628A509dE941a7F3a6629690d2427,1,365
0x65fB0ae3a14EC0f9f5c8d95A3bB5D1fd972cC8c2,1,367
0xd4190f41A0b2f5229813eE360068A6666d8dc421,1,368
0xE32709F8fD46F5eE785cad8167EbDCf94e2b55EE,1,370
0xD30CB70CF9e2feb21bD7CD47A134E1Ca40fe1765,1,373
0xf7198C96ba8F318639671769497490cA65736d29,1,374
0x4E96eB78510FffC09ABD6d0359d1A7214a6f7859,1,375
0xA2Af448B8EE69d9757761CB6e8F0487623587C24,1,376
0xAEC5f33E1B6CB37E6b80779A6ce0670499D4c3Ca,1,377
0x519856446758C76D762CcfEb7B8Ea47B674362Ec,1,378
0x00e39304c139EBC5B03576Da1359Eb2ecfF07E75,1,379
0x71b9124EDDf33070f9A3aA16E20d073fD15f81D3,1,380
0x1A3a0E6F222E823cC8D0f39D87042f88AB763872,1,381
0xEA3339a9AaC6e3C7eFECd9E9c9993f3A0163d7be,1,382
0x694a20d325199b94698778F2deD782792516A726,1,384
0x3A6a1d8a98935f4a5Abdb1E4CDdAd6485544B127,1,385
0x25FBD8592ceA8d24370B8cc1AF9d838f66fad41f,1,386
0x4c562b4590A5c1E90Bd4aC0d5c229492358Db0eB,1,388
0x051ce1738309155d2f8EA5cFf17aB59df9187c99,1,389
0x5047802E925DD1865D36Dd1CF2462326cD6d3f67,1,390
0xC79Ecb8B1DfBFBfd34ead54146Fbd024cA286D2A,1,391
0xa13BFd38BE422ea2C526CB250f007406ab9303b3,1,392
0x04D56b59C9A8825e18E1b750d1E13E65e8d2cb17,1,393
0xe306fcd6F4CE98305c9488f8EA7A3611Ce344D8F,1,394
0x49a0dddCffa04adC7af4e4Af747A0bD34F752028,1,396
0xd98268153d93b1cF82FfAe79C9FF2634b1Ac3A4a,1,397
0x25e58696FBC8eB88301Ee06a57f77d9f0715Ec97,1,398
0xF20d4539c27b834CaF2AFFF6aF1c3796c70184d4,1,399
0x4713bE830279c694857022a086a12023a9A6f876,1,400
0xEBc48a7f1e9ba3618801Bc4Fd64f51FfEfBbe2cC,1,401
0x11217Bf4Da72c7b4425a83B4736699eEc7444Ec3,1,402
0xEafaEF9D5CdB805dd9Ac7169b8b2372A1F029Ed7,1,404
0x3054e1986fe5faa920CFae137f711f66F82cDE07,1,405
0x81D07093abdc6B5215474ccDe4944C872565c66a,1,406
0x946E746C1C23670f6c57B0868448c37283B0F74F,1,407
0xFa28102684EFc96bD89144A1825de619D80416B8,1,408
0xFB4A7f3B61E66f2FFCE84415eb39AAF3ab2a024c,1,410
0x618289586D19511a63D96A27501a005c4c5A09eF,1,411
0x84c9C9E9D2AAEe2382D6cbd1eFEE93fE1264302B,1,412
0xBA516201784d0313B259363f00E6D51fcf929a6a,1,413
0x662e0a3Ec10b7beb5Fc0CECE638331F895c399e6,1,414
0x4B862d177aAe9b26EE742E58eE2C8D5e5531d7d6,1,415
0x2FEB12B34a09Cac2a518e51E4044A46800eE8cA7,1,416
0xe3557583Bdfc12EaF28b9F2d9607e2Ccd05b24b1,1,417
0x1849Be70DA403c84E3AeBE439DFC080D403c8359,1,419
0x3A914feF3a9d1f0293B3F7Af2Db66790Bd8BE47F,1,420
0x247fC654EE04423d20BDD46026237E3bf113F470,1,421
0xb083a8CC519eD2899E20A9db8b6A479cC6fABFf5,1,422
0x5871f6E44e8c55e491989E8b02b30D07fe644aCC,1,423
0xBead14390863D5F5E3b57fA099c60aAeCc3774dD,1,424
0xaa8BDB60eE28E7616Bfe4867f58BfE4EDF858271,1,425
0x0457B01E666caF05aeF07906E575c96ced152355,1,426
0xb4Eec5988958827D479eaC71b484277e913b38b1,1,427
0x75b26202E34A576D5A4Fc49D98AcC559920791d4,1,428
0xF69c4bD64799e7e21829F15BE99AdEe089a8D1C9,1,429
0xF38bC07A6d34D4e913DbB241db8BFeDFFd8474eC,1,430
0x4651747Eb2df699cB326E681acD1A9D2dAEC60eD,1,431
0xe3DD6e80f51E016c15Be8bE3Fd911343613FC9C6,1,432
0x005b12F5b7c22b497528fa0A6Bc81510748fB58E,1,433
0xcD089a057d3313b1Ab91131089758406FD5C4a61,1,434
0x3c0E0842368CcB8340C14bD89Db673FfdeF77Caa,1,435
0x4eD1e266452770037BF3c406db5D0421045B94FC,1,437
0xb9b0cEE50f8e8d8F045455661b3fE3803d5B1190,1,439
0xB95cdcFA6245e2E2510De635411369F4616bbD77,1,441
0xa75fc2cbE4c8a68276853C274e700561f05a78ae,1,442
0x907C10ED44681aa874221A6F939a9F45Fda97E24,1,443
0xc3673ADCaD9356F1B91ADD3D64D1cfe1f5431d7C,1,444
0x1b4d17cEFEEef06D06c6430BcE7320dc435b2813,1,445
0xB7E53773171b5ef697db07Ea7766e82b6189E9B2,1,446
0x216B8305349E99c1222E66c49fdeC8a80B32E1db,1,447
0xdA7f5E14BbB16655B300Af7AD178c61A6D6F9E60,1,448
0xA6bc2df054867E18999C63d990b1181B688E441C,1,449
0x13Ffc9908AcFFEE8B38f3f5d1B89C3404055e232,1,450
0x22504C48f081DC2175F89267B0b20d074C9063D2,1,451
0x0aac7844269D190112050Cd2CfEB27E504dD931D,1,452
0x2551DC445daf962fd020d52d25Fc88c476ECc7Cf,1,453
0xf556C64E0079b4Dc7ccF346C2137C02E2d41060e,1,456
0xb2D95951A91171aa0F3De3A719D0840cd9933622,1,457
0x614b74D37270996ef01FB50B854a7Ba12a9fDC19,1,458
0xA3bE0C82F6784a12A323cD07cFBA3E834eDFE5fb,1,459
0x225a0779F0Eb7D91b9DCB3b3bFE6432289274160,1,460
0x853D18353Ac666E87dB98c59550F2C7068f55cD7,1,461
0xaE0031C3d1943b8Ceb318409EfE174550D2cb4CF,1,462
0x226264E3560c23861d04797Ff4746dd8f8778315,1,463
0xC4D9b0e89a03D0BD6bA8239649881555F6d041Ae,1,466
0xE83deD34AdbE4B52B1611dCA0ea4FCF23F3eE01f,1,467
0xb4570cBa336D525818DA9614E20419bbBa0004CA,1,468
0x32A739E42F3d3Ec9b61a77a4015010bCA4801503,1,469
0x97df3180b6AC60608CEEc289362E834D530b51aD,1,471
0x491cF7629a2397Eb738A120fB13FA44BDBDc0E44,1,473
0xDCE3133947b666c344C49299ea4599b39eaC0A71,1,474
0x2e40ead14FaD49e9D27ABdd39fF616979008bF35,1,475
0x16e2E81A6A7ed5D634522B1ae4ed5c8aB29C1D27,1,476
0xb1E87889b4bde8737c561810121Bc8a12A36C153,1,477
0x4A6370Dc13a9a5E63bd4edaA15bbfbf3438f82A5,1,478
0xd9a4e5f651fAABfB40c419e47cE7bc32cD812AD6,1,479
0x0e47eA118a5C022e6377Dc6bC2356BD892aF383a,1,480
0x0774c01bccdE4FC0040845b19C1Cd1b86aaD5365,1,481
0x357ce0e2D775C062dF9dC39494089eB999E8133d,1,482
0xC948cA0bf0C82790e00c23F188234E80E8E05c89,1,484
0xd498f99BAfD467C5D06556D433Ba89e52686F74b,1,485
0x0fcC9283D7589553AbC3F4b7aeD4aDF52b2F2d4e,1,486
0x2BB9B93Baf8fb9562441d511397ACF8defFFa012,1,488
0xDd55CA85E312A4F93347AB5e4a2A81E5C0FF73ca,1,489
0x3E88681De2E12d1AC4116a7A6fb964A2C4C102AE,1,490
0x5C7eE8370133BcBDEF046a94842EB183c62B92AD,1,491
0xE3bC007eF603208550e9666C85534924501ab673,1,492
0x1681B85c13EE6b46bbCD7f95c68C74F4ddf54B49,1,493
0x446d4de5b9b34BB7E7Af275408Db41a75BcCc278,1,494
0x390b50B708A5B8A6E936244517F2ca220b824AF9,1,495
0x4994207B054c715573bB6c1fBA54450f13944cfE,1,496
0x024f2369E6c544e767ae33f72814167C7f535B17,1,499
0xE50654DFD3bAc1AF14CA5D401B5A471e1af74A36,1,500
0x43cea277a5ACFfa8364522d11f22775547FC9BB4,1,501
0xA99214658D1293C87B22454217ef7fD29154Dd26,1,502
0x41c5282Ad1174490ea2cd5C8d7E43617f06F530c,1,503
0x4262e194da28B75c82414795Adf272673229a7CC,1,505
0x2EBa0a5d03b07af80e4E4ACe3bBFFE3A7d956bcB,1,507
0x69B9b8147313A73876E27Dd47df13168dDf8C403,1,508
0xD6b2F31304B8cF6a262C91Fa5E7fA45c1f26ABBC,1,509
0xA91bB688dd1931852ff7136342ac730de1EcD027,1,510
0x635071a5921C7858fD3D72dE4E2db3496bF092F9,1,512
0x713899c0c0Af5ad5F384754e26cC1ff055E3f730,1,513
0xeCee211d2726304FC38A7cF9e51A96E24AD5dc23,1,514
0xD9A5B8c4428DB19C54611504c021f11204140Db9,1,515
0x33F8EfEbeD89F35cB9481197c17294c4573BdB1b,1,518
0xc3Ac85548DA38E672567a674E2E682C74A1878Be,1,520
0x4b72E006eC75a827c35D6ac258F0342268DcC3de,1,521
0x0c6abA555c5Be3bD2b15346650F3eA2ABF16b869,1,522
0xd4a1f1141D336E228e2A9F67119315CDa0dba120,1,523
0xEB29596e0765097C07372ea19f544749C07c9b1E,1,524
0x925030586AEE5426E5A828c5C1b595727353daDA,1,525
0x34E7693275b6b3f0687626018aDF7E208236C6df,1,526
0x7B22f4e0B10B2D3a09f8bDDF02988D3AE34F82bf,1,527
0xCb1b704cE494B73E2F9f67f876A464b507D2c97a,1,528
0x0A65C215CE8abC782A4B763FFfA10a41652Ac42C,1,531
0xf9496Be6e73Bd01ab40aF220d3ea23503eA6C6C9,1,532
0x0ff6B0bB51247bf5723Cfe31cbb5DaFe5CEf6f49,1,533
0xE1CDD6907d4F5A13907654cdB89D80f27c4AC40B,1,534
0x33af2A4745a1DFC2268F0d92438FC732d35928c4,1,537
0x2e040d6d39fd49575208bA68244561b573543Ea7,1,538
0x0186a9aA28b0a0D0466627F267BbFfd06ab20CbE,1,540
0x33129b261a2ffE41d8eE0C9f03B6339AB02Bd282,1,542
0x23f87706C64D2852326ab611BebFd4F4B9F6462f,1,544
0x592f7e24a9d08467A75Cb63a7ecB3076d986063f,1,546
0x2537d01414bAFF9CaC42f78270F2Ba50Cde324F4,1,547
0x40360F4F0f87517664dFfE28047B9D31145B6BB1,1,549
0x4a585370C43231B1Aff579395a36B4269DF2BBB0,1,550
0xdc3718a13859458c7c31588c542E3Fe3A74D8Ec5,1,551
0xF159092AD36E8D0524BE07f703866B1866d3d94D,1,552
0x4801ab5Ea7D9a36acB564DAB50551c4B0EeDAfE9,1,553
0x1576a588A05117Fd1392fD291F2eB00Ab91cF778,1,554
0xa950aEe2cde591F5029891Fa2F9971C2a12F2d0b,1,556
0x652Cd65BcAd76bb8A9EB0523f6a5aFF0A2C10163,1,557
0x9C85EDF33057Ef557baC8ad51F5C137690f41C76,1,558
0xE4473E75C2004eC05EBc1Da26d31B0af4B1f5B98,1,559
0xbC8Fa485caAF8e4bEbE2A2540eFE29731835DB67,1,561
0x3e46DD3dCa90b390A666E384291786Da59979a3D,1,563
0xA989211Afe9d26302588559565419092b81cDd4C,1,564
0x13988CEF5721a77e9A873b9c988559ABd698516A,1,565
0xC40F489CBE1c5066b049f83Bb015Af0756Fe7627,1,566
0x3ab979926F92591313aE922780015d1cB562df1C,1,567
0x4BbA7715fD58180eD3D43b5f192671e7a9c68502,1,568
0xCA13463Eac8f3bA3D20340bd995206bda2D70B20,1,569
0x9aF77875b84Ce9c9b218f5F366A0FB02eA885D82,1,570
0x2a6EAA65B1cd114F882b9721fc3eE4541bde588D,1,571
0x51e8EE96980c4c13aB225c992e9B8bD69B5c36Cc,1,576
0x68F0656f9271879Be432E01744F68597e11b2753,1,577
0xb871BD783dA92bfD46f92f402E7a9E84EC232ffA,1,578
0xcf0A76f6209b8d81F63D093B79566F8B04688e7c,1,580
0x5E0F4D5e38Fc5A3f467DE9911b54A379cc5987B9,1,581
0xe2ED3d7eD0A06a4CA8648b29569e533946389775,1,582
0x2202FDB880635DF375F45C39949072Ac354fe8fb,1,583
0xBCdB252D9b31Dfe3FfDC3c6F43C9545FEaeAcbDe,1,584
0x00B8209680946ba59CA3d021eDe07Ed4E1897Ae9,1,586
0x18Ffe0eF3ab518d59E29d672FDdEF0d0131578A0,1,587
0x11D1b508b6e7026100F458f8F0EeA67554a49088,1,588
0x10D72b4379C7858029fcaF3b642cA096619607F3,1,589
0x3367A005c2bEf54f2836a616ce3E4Fa2d35910da,1,590
0x5d6EeA3118Ed0BEab2fd754343D1EE368CBeC450,1,591
0x2fcDa75f0038D54BD0f0d88D5Db2a62EA298AF36,1,592
0x4fC53CDFB93FA69058529AA2CAa174581E7Fb541,1,593
0xeC5Bd81eebA9CaCa693caE608F9746f7cca19248,1,594
0xdba9648Ff976995bd31D9ee9a76d2A95813d6b6b,1,596
0xC40b4c08d763e8daf1090eE4fd0ce9F2Db13B501,1,599
0x3F623DaB907032F96aB86c70CE68d23Ada476222,1,601
0x73F6171D2C8a27c83401A53CBf8Bd3B8167F939B,1,603
0x398c4Fa7B377FdD5323E6aD42015f7eF67608402,1,604
0x3A2894642CD0eE6bAFCB3920a447D5DAD2f1c6D3,1,606
0x04EaAe4123C25D430c1Bf68A104BD27C17D25891,1,607
0x2Efb5F477D1e711C58809Ac48228c9d56dFAeC8A,1,608
0x11BA2cE1D8Bf618eDdB7E12Ba2F6391f2f2C385D,1,609
0xc6d1cAB8aa6c6099a4dD7352EBD4B25521F6C79C,1,610
0xBF647Bbe8217Ab3e2584D80EF78535760BD0b39F,1,611
0xC56864752633377Fbd03D017E628fbC79a597076,1,612
0x6c5Dffc002030203c722c74497b5348eea54944c,1,614
0xc298c36eb5840A4b0e5BFb4145742b198cC9ceD9,1,615
0xd58d3f68312DFC70d0EEF41FeEb7Fa5e8849d635,1,616
0x182FCF35D9065375c0C74fccB13DffE912ca83B3,1,617
0x644e420066Bc23683AB77bA8250079C5BCD4dCa7,1,618
0xD26D750bcDC8a44eb3954a8Da8Ccaf841356c265,1,620
0x20f2C7b31A05f318888119784cc7D193c03EbdA8,1,621
0x1F8e8AD4A0F7a8aB0d8cB27b5AaccBb110566b9f,1,622
0x3D635c7E8545710535544E816c54f82deB3BDDb3,1,623
0x3D9F8dA4571090dB4C8B85A157362f782Fd450e4,1,625
0x24F5cB4D0846395c629032eB2dEB759eCc251846,1,626
0xe45a00Cf28B9ea3A89A40Ce0c597c32Fb5237d5D,1,628
0xFCF602E9e329d1105086eFe3ca601a3bE85d762E,1,629
0x163819612F2177b0C09900D8968Fec8F6222d29C,1,630
0xFFC6572743fE3Eb026D0aa9699AF303a5b52dE84,1,631
0xa139ACAEa60FFf9446448Bc95553C3C82ee4FF29,1,632
0x2b3cF70D77052Cc4e352d6ebF9CE887B225413f9,1,634
0x61F575E43E9397E000E6E74A7Cea7931E9d4C06d,1,635
0x2756e6ebdBEbC3419f355A7C1301D42AE674B4A5,1,636
0x2DD7504C6d9CD7C7Fa0f551123A6eCc0F7602665,1,638
0xdbBc16eC59E3fdC4b63Ae057e7723Ca2A6f0b719,1,639
0xff1A1AA3f81986CE934F42BE48488a6FDDB38874,1,641
0x4e4831B8fb7375FD5caA921E2c82e12AeaEB862C,1,642
0xDDfc1d22B8c0EA237A221d7a66c7fD621efC1e6f,1,643
0xFb3FA9cF7C5a05FAd7DfC2C54DAbb1D086147d5B,1,645
0x7049eDAE070b9241D4cEE07173c744f38eF4fA4c,1,646
0xFa874e44518ca80C61fAC90E6F7862f42A5eA079,1,647
0x4a423dD04890A599114aAC843892Fca2980D480F,1,648
0xAa5D0623014CcF4bFA952E671B953F12983F4b4F,1,649
0xE5721D70F42a1EDD1d21c736D13327d72CBF4f0F,1,650
0xAA581B78A2e8e249C52f5De6AB5770407Fa34261,1,651
0x36Dd77F64A2Cd3605f47FDE256db39062eE23420,1,652
0x0786f91122446436f32886ac3b848845224280EE,1,653
0x5d1F4F1E99a9d0866Be15d7300b9ac2970E232D4,1,654
0xe49D8502339e7Ec3bE7d3fC6358A6600ce94B186,1,655
0xc2e0f66ad6322AaB458809698297790d8CDCC809,1,656
0x5B9490a683433Bf68280F1aD7DF7b0FC6b8E72c3,1,657
0xb83477767311304570b03eB985cD9CD5811DcEB5,1,658
0x37798bC1058FBb87068A7975b2e26269DA80912b,1,660
0x55E7e2842D98Ab1909dE75DD49dBc5aF763a215b,1,661
0xa333b510Ec313eA1F26B5D9B50793547Ca73d99d,1,665
0x09f83D4A47065284A92Fe32864ba3177b685adB8,1,668
0xcE603e5EeeE3195fd6773Fb02bf97Bc4e43649AA,1,669
0x57d5B8109d84595cEB8f02ceEbfcfE7454ae3E9E,1,670
0xD995d0c31802A8D95C163f875fFefB40AB964eD6,1,671
0x3772065C24d5bD21cFb8D3EaF8CaaF5f34F291d1,1,672
0x14B872E46c955b2B13b9C895d5ced192c1CE1bf9,1,673
0xF631f45E0786a1f3e074fa1063de48d001dBAa9a,1,675
0x043145A2bf34706451D7653684e9cb2c5FFe7aAF,1,676
0xEB8fE4dF46Cf9628B73A567c78dF5029CA6eF024,1,677
0xCDb94856Bc6DF035599EF0a4e5B38Ccb44b473fD,1,679
0x2B7243D138b198F27e8bf0fDCB49697606df0e53,1,680
0x05b13Bda016D8737447353877e08F4656A92f359,1,681
0x47400da4c778655E7E8b4c72557289321Dff098d,1,682
0x8484E21C521D4945c88a6e39e0D76B7E6C333c49,1,683
0x036B3b068500e26acA6DD1641056c9697aC7bF0D,1,684
0x448b24147c581cE1C79cDF62d62d872F3C77AC5A,1,685
0xA96b81F052570523D0DeEDaDC1513607252965dc,1,686
0x242C7f2279A3187279fD61605004A4B477B63A78,1,689
0x636d955f0650E4b682aF309DdFe22d5feF419e82,1,690
0x36C4327eB4aAfA69C3FfA10F014f5AecdF04bf77,1,692
0x6D7b5A32fc63c5011c3dd217E151c9c118908dfd,1,693
0xBB7fB411857E9b993cBD2D812dA689a1DeC85553,1,694
0x703cF6401d04A06378C6F59dbd9117203Ba9892D,1,696
0x460635D1EDaf3d25B419e3c4AaCe5c296e4eC02f,1,697
0x957dbe00ae917AEbD2d4f6507F325D3FdbA6Caa0,1,698
0x8f076cB235f59a0b266ed50C63068E5aD67168Dc,1,699
0x5037BeB6469aCb898B4ffb3A0B7AD50747Eb8B6C,1,700
0xCbd835D9df28EaF83B4892DDfA2e39c40a8e9e66,1,701
0x05c2974d048D90EC5Bfa124B6369396727B900fd,1,702
0xF19567AaAE715129edB7b85968018b9E58f4f9e9,1,703
0xe5d442F93f38892109c1FC70eB48Aa78b73d5b48,1,705
0x05872D51594bf95FFFf14a4789E05B939BA74A2a,1,706
0xeA1095ABFe3B1175A2DCa5B8d97533839693c83C,1,707
0x31cF4812c1A0F61C987c65df9D3407BD5F5d30a1,1,708
0xF33797902a452D02F06d6EEf1ADf7FCE89630678,1,710
0x48da9D54b240d70ebF0234C10CE065319dC6aDF2,1,711
0xf7915670cd3a9C5f3Fd69994a0955F275f6020D6,1,712
0x3C9EA2c853f85D504291969B8884c40ba2752cd9,1,713
0x15F5939fa021948178f2D4CF9a974934B80997c6,1,714
0x2F267f89188f136dF0e023C2Ca4D6B049426b2f3,1,716
0xabFbAad923A37065369624934BA6f0879Eb21843,1,717
0x1415d701516B445Fff91A651B8FE491606ec3543,1,720
0xD97Ec3e4269C503E604063812c6254C66Ab5EbD8,1,721
0x13Ae9A8e8295fd62bc8863A7Fad1fbA82C6B45Bd,1,722
0x3c7717Ff655bd5C1fFcF73fE4613BeA56A7E685b,1,724
0xEd6F695F1Db79428c0aFeB1697AB3B553a3a7CB4,1,726
0x2dF81c01A54384d289396d217c632E8147a3C28a,1,727
0x18252ae4cc0FEA75A0332Ed04cc76f540194Fd17,1,728
0xEcDA66d8E3038eBc7766c5C70C8A1973F08a3f5c,1,729
0xf3916cB37B12390EF5c55fBCa12b1d8368772b23,1,730
0xd39AF56fA103B688Efe4D3f9d58B857DDeF46E0F,1,731
0xCDFCb06D537F2513c99eaa3B33F9eA6e0D4311Ab,1,733
0xfbBfDbefBcbC957A3A0E97Cdf4b9556bD178CC79,1,734
0xE0743df3aAC45Cc748adB6c5497bB522995dBb9e,1,735
0x6Df5195e2990BB29fB6e220DF98Dc26EbDe9eD9A,1,737
0x6ba7b6406e12a4c6dC6F96c4C7da06C9DdbF3022,1,738
0x354a71FaE7bCfF635Fb86c3301237cdE3516f9Fa,1,739
0x540a0027509B1C9aA0a2c5C65491cC97083E16de,1,741
0xD3E8515e8aC7941ae6608e1158b7a2312afB84bC,1,742
0x57a8222915654d03Ca8BebbFbBBCDc84a7dbb2F2,1,743
0xBC2E26deD32A96911B65EE2283a1E30F077BbC59,1,744
0xaEec7e4CD18A865FFC4C1D01149C763b149AF023,1,746
0x9131AF6bc29a08c7daC664abeEA23b5F69d56c78,1,747
0xD443b7C949ac7CF62fE8440804bbc37ABF0a6f52,1,748
0xF190cd5fb512921F413617D18657270926c0476B,1,750
0x1C563CE15828Bdf85B61455d10b761e9f498E62f,1,751
0xeBb28d2c512Ed1786b246C7a96328ab308ce0f42,1,753
0xf48BB821E870f170Bc5e18Ae516e0a180e75f2D9,1,755
0xF7c30A9F6A70DA06AEe203bE6c3123b04204f428,1,756
0xC006aE6f1e68cf128E63e353732998DABd81C0e5,1,758
0xC7Bfd8AA71f06B75655cb8c4E5933cD032e1F68E,1,759
0xf4a03233b23fDAc17be35783d0D3F539E154aE22,1,760
0x24790F2b7fc6FE091f13b4a033b7dbba5D75A824,1,761
0x00DE83782e2B75369e9a681A7ea95dC44FC40010,1,762
0xA36d0CAa2f222ee07dccCe2825d4E09607992C3d,1,763
0x1350f912f00f09b8FBBFD71aC73A286c0cd814c6,1,764
0x43cf3250BbA01d8BF5a8370b6e0681D909293276,1,765
0x1De75Eaa0812a3073d710E3006f6Dd87a816F9CC,1,766
0x6B1C85Ab6d78aC11B72D810910b762605e458217,1,767
0x585324487F227DD458e013e06E6E16F942B0a288,1,768
0x812Fab8a7d219739b4927ebA5b79a698b4172c26,1,769
0xAcAA87cE1e74331D53f95cE4a12a354DCDA3b301,1,770
0xE1a27208E39a8aCFe81e1AB230BED577C8460296,1,771
0x0d40e41798542E57ef2125E4f39F75b17126a3d1,1,772
0x76B799F82F90ef297Cd7cab603Ff404e5B46F68a,1,773
0xB772ad4d6F1AcCfd91BEF9b7775ad1599BD51678,1,774
0x5133dA0059A0b144c2aFE7872c1051DC5CE8644f,1,775
0x305419cA98225f3Ef67231Cc23BDAc54EC6eC5D4,1,776
0x06475f0ABD45d60aD557ae96aC74dD001f2477a6,1,777
0xe25ae4E2756ebA9F49BBE175A3C45a994B77F903,1,780
0xf90665c13b3618210A2967160d4CC2808294fF1a,1,781
0xf9141e1eEd58f571d5782ef20Ad5d47173AC6Acc,1,782
0xc4F91CDd498A30f8ed1dEa3883Cba314a7A2a022,1,783
0x13a3aD817d13e230979890a08DaC479396c0A8a0,1,785
0xbBF47D6EFff5E0E64a55cD94e5419688C57e9AfB,1,787
0xB4Bd1E703962C54BD1340240b172E4e516921666,1,788
0x608b0678CC11178E038A4957df811d64BE2D2099,1,789
0x8828ca9Fa0bD9Ff08545654f0980B6AA911b0780,1,793
0x78D760952E0fA60C76d84C4A9921Dd096F747bfd,1,794
0xD9154Dc4efa7950C18aceD5782437d65e947d288,1,796
0x602628CaDb00F0c466aF885b854c37984b5A8356,1,797
0x7EFf3da556834fD1b3413a6B8c8B76B56965F279,1,798
0x4667af50dd3Ae768a0Ce5575003AA2aDa5Ec393E,1,799
0x892F34Aae01fC5c106437522dcD9f93A867d607d,1,801
0x10F0e87609a9Cfa689Cc73C81A275958822dAb9A,1,804
0x0b16d9F28C3c6Dd3A89b5ff40e2aE860888f2D78,1,805
0x123C6D7D6d0A15BcCf7204bb5F5Dd6eaAFb8871E,1,806
0x53E4503dB26192f39E3EE5f55d47B2D4A0356cD4,1,807
0xbf1605F99e7D2E706702994b96c0513bD154d1C7,1,808
0x07b1e1067093601864e33c8B5a8A1648476f69D9,1,810
0x8c5EeB6cBFf441548ddf30793CadbdD047a68E91,1,811
0x549B03e6F654626F2B0c37201E582D399b3D20C7,1,815
0x6e22706d6E86C38f4BAD40415b1b4c76f5B821B0,1,816
0x059F825206540feE5b529091c594a8809B0cF218,1,818
0x3452283caD384b9A7a599d77d5a7A944d3b716Ae,1,821
0x957dB95952ddBA2e26B0290BBC85Cd2E06eE1ADe,1,823
0x64Fe02843452fD2ccb38ac920899E9b86283C64A,1,825
0x4e212EE3c9056d2a52Ec55170A98Adebb08348Fd,1,840
0x6447618618c692A814d72556EBc998875D604Fd4,1,842
0x92b52e6441A9e2E03d080E951249d93dF222f855,1,843
0x018A5c242D25ABc4d33E7146f31B0320F8CDe6Cd,1,848
0xCe52808bbccD08ABc0d3BE251Eb44D7e1408553b,1,849
0xb45A0658148D3f1Bbf8A1ECd10AE21C09e134799,1,851
0x572b1414f78345014E7B393DB2961Da7fC0e68fA,1,858
0x4CCCd752FA03C796156e8949Aa1EAf06105B3f4B,1,860
0x9461D19dA8495c08C7BA7928a3E9Cf31bF6A54F5,1,862
0x98E3057cC2D7558e0CB8608b986DA30E831C4fDF,1,866
0xcf2218ABfbC7c0661607F4611eEa70b43748B3E1,1,873
0x3e3e3374233b02D56c35Be51E064D31b65D5c3C4,1,887
0x3337ff6a59318E5a121E8C1D5543803A07B0cE4E,1,888
0x2611987767Aee554Dc5BBD9C8D0622739a433804,1,892
0x5AFBDD34bfe62cec3a3855d736214c509Ca60448,1,897
0xd35Dc42C3812acE3d313f8303114B731D428a0fa,1,898
0xEE644Ef6D60038492260235D2b955637bD178BED,1,900
0x65C5059EB8dF20095911De6Cac883E95ff11A298,1,907
0x5eC8Cd4881eba87279f5F243Eb89EA9383E677c6,1,910
0x9845932116035fccA5A4798Ba0d00D99230D6843,1,917
0x7d512e79039D188973488a1D3f68A5473F937e6E,1,922
0xe3115272dDCfE726A63e2D9B963C7eA8314D0d04,1,923
0xBbD4E1CD8Bf262120B1c652827d909d8fEa17f4D,1,939
0x173a7942Ac9989d8A2203051bF22E673BcDa6e9D,1,941
0xE56448F418D1c0712424615AABB0c70999F81E05,1,944
0x1496FE65cBBd87765a5da4c90c193Ea3B59928e3,1,955
0xB46678b08C889e546f0bA3bb2fE54aB852f1195d,1,958
0xC14AdDf3C940760D213BB5cfA668d6aB1A1ad7Ca,1,961
0x9fa54c72BEEdd33eaF5232B88c3C2A70AF982bc3,1,963
0x4b9C306Cc94a0a420E4c018d946A0d22370Eb46a,1,964
0x761C204F005Ba5C400c4519a9052750108f38196,1,966
0xf7CA043d47aC7b16c69E45b6E4Ac79660aEb8407,1,969
0xd6C0F4a3a08Cea66d15c8586C0db3693d41A1287,1,970
0x65cDb7D45AAAd9D1B6decA4B42fbF53d675C72A0,1,973
0xEc49576A95d0FB91d6A3d1Ab7194d9ef082F0723,1,996
0x62C42b06575383c1ef45ab20169058F1A1D6ebfF,1,1000
0x86E95581E41946ED84956433a8a9c836bCbA636c,1,1001
0x9D292255ddc87532974EF5b13CB5d8C44BFcab23,1,1002
0x2928Dc3a577A8984b2D9aA5d7338CBce1fD5b7B7,1,1005
0x2383AF62749DB0e58B5E0d4356E889cc9bd47df2,1,1007
0xe353F002Cf871899bc50a865B0c7d4d23F97AaAD,1,1008
0x451c430922727FE3B1a78813e15325f2818F0a5a,1,1009
0x5F684067496855Ab417C83D3e673Ac4f958Afa12,1,1010
0x79590299CBb77aeeB752186B9616A63230243939,1,1018
0x678272450230CB2e0bDF81b39a6B412DdB6cfceE,1,1023
0x0EB3d962fde6E985aC6fF90D0d35722bF815e6bC,1,1024
0x2a2d7d4E2Fe7D1b50A3813C3d3199Df6C5088eFf,1,1026
0xF15bc87983AE3Aa3fA2912c91F9d100D66cE8198,1,1028
0x66d7472B717277277BF8eA3B1D07922731D8Ea35,1,1030
0xec51ef3a781D2f32A3a42Bbc49DFEB7A79A871Dc,1,1036
0x778EE0e49BA8cab805cD4a3A17E61f9E1c8F40eE,1,1037
0x984Eb408535b2289feDDB8Ba462E91c989f16e05,1,1041
0xe67E23109762F61D216DD14b3592F917ceCa8DB7,1,1043
0x658e7aF916E65A4a5028df821a52f1b0f1B333B4,1,1047
0x847da9aB312d53597043f9ECB330E93A5cb61386,1,1048
0xDaa6c40762712a106c02f9656d898138379CD30e,1,1052
0x1547352f49cb52EA655f469F75e574BF1115F1d5,1,1061
0x0CFDCcb038208b260E96e92f68D6f59b0FFB3C2A,1,1063
0xb411E851e439F5353FC0Cec3aB0677A3F84CE619,1,1064
0xB849191EF34fe29611af5f970c04F5b33CF763D3,1,1069
0x9d1e4844266E732e36Ab840954D82Cf84DA52E14,1,1071
0xbA0feE426cFBfb31c6fF033F273622E8905c92e0,1,1072
0xF7716A5f80EaD10436e43dCb7dD5e932084160A8,1,1074
0xd53aB1250F41BC5b2B349802eA3eD9dbe315d097,1,1076
0x77D733b7eB4C99f4F392644d2af12AF19ce4C59F,1,1078
0x0b743d5CB4ea6AD4Ce1FEb376986D5ee8Ea2C52E,1,1080
0x238a46fFd22be95Dddcc51Ec23FAA0774AC85718,1,1087
0xFef75B27d4Ae3D5228bCc2912f9CdCEAfe5f82E3,1,1089
0x077b59667E5915AeB949d0d1ed6810E50613f2f1,1,1093
0xA007CBA33b7025dBB371710782Ca88A825CAf8e0,1,1095
0x921fB6C44141c020a5bea842cD21a0B223ea7a40,1,1096
0x3d78c72573459A8bADafEE4E36A80B5A4d0ae23d,1,1100
0x988236e5A0a27c62124D131c2B8De67189532100,1,1103
0x24A83C5a2C695b214262E932adA2c38676699912,1,1104
0xAcC8b08359f6Bf6a5A4A2eda056adE309cc0C716,1,1105
0x5469b14150Fa7687Df4E02B67C81e7974AF08163,1,1106
0x905a4c8e5f4892a9F2B41473f5137E6a5Fe97797,1,1107
0x88Df4D4240d4F388A88d9edC1DbC7D0154B996Cf,1,1110
0xa43daB18D415d84895155C9873b736e5F1E95b94,1,1122
0x3A2F2eC3e482B01ac2353a0bAddc850cA18028Fb,1,1128
0x95B0cB330519DB2bCaf74B90C1BDe3D62f673718,1,1130
0x283a4701AcA2a5B2A5db876FeA7d1e108110b555,1,1131
0x8Ba6175d997B1fE3265Ec9F519943436DA534761,1,1140
0xAF701170e7B2c93d5169B0F967Cc7C72E8408Aa2,1,1144
0xD810B50C39538EC49E4945481f10a272e1893997,1,1146
0xcDB394D553dAa350Dc72E006cb4622C1541fa56d,1,1147
0xC016214bAB9e94a482BC73ab979B0B409dB79f0D,1,1155
0x0D998071eB7685beC3913A24D84DAE65d840f777,1,1158
0x158FB7a29eF31647EC03Fa2A79d5001CddB36621,1,1159
0xE5291d4598440887C2D5Ca9f3063eA1E73Aba844,1,1161
0x67c6deEef68b6a660fF89659a6155D8bB79B0774,1,1162
0x643111D86AcB17E6D9b09F34356d9150FE7bAc26,1,1166
0xA77Daa51845e7265803BCe81C7B29A4C10008BfF,1,1174
0xc216AFBf98C7807b99fa1B892703D73f47bEe922,1,1176
0xaAfabfcE30b7F13563E20ef8C381e17368f4c8A2,1,1177
0x690d3932350765f132BEF391F82D0bD32942fCAc,1,1178
0xba15E9b644685cB845aF18a738Abd40C6Bcd78eD,1,1181
0x3e2ea408985404448A622e95562e7CD97Ebc2F83,1,1183
0xa54C60Bd2294a6c1c86e57787981AfAcf9ef86E7,1,1188
0x76672244EEb15E3086F29448D356Ee0c1d78804c,1,1195
0x426DCF6820216F28eb6e96E3d9Fd073dd958A2c1,1,1196
0xecCE99b4b41a8b27dC280cFB2ee5a55ebCB861Ba,1,1198
0x8d7106d1a019F48AF1378E346bDF35B808768070,1,1200
0x45B5b7Bf7477c4D73dE5E7967CaC3c706ef1Ffd1,1,1205
0x8eDDDF80DBeedEc4bCB7B0Ad77f97E0aeeE46666,1,1213
0x953a5F597Ce881Ea487403775410aaEf53dDF032,1,1218
0x87131D6d804A474933190BE2AA1f683B3922c90d,1,1227
0xb8abED7145351b645B6a71BBf033d6c657c5d489,1,1230
0xB6f5D4EA633bE503801360F4d954f2d3E99261e6,1,1232
0xdfF39a5b00d5b11E986857D7E9C048F4124821AF,1,1234
0x0cD5D73540830778C6ccd08dEd4df4A722E67BF1,1,1239
0x959eBe8861481e0BC21B37444bEf96167BAd5834,1,1241
0xc4E22a37420Dd70099F1a7778d36d8D8Bf0014ef,1,1242
0x0CbCaBF9fFC5a53976Aa63F2bF092166B3727151,1,1245
0x5223f3363017fEAdf7e146c31b9148692fD25c2e,1,1249
0xc27CCB65F83F4ce4b1C5a560604BF4911198daF0,1,1254
0x3BeD602BAA5b051168ab54e2C8C53D275cDb231C,1,1257
0xba7693D66DCE8C7A3cf1DD0BC1d8cc5056dc5E51,1,1259
0xd62A862da027716A0F72eA8Be3ee78D2Ee14b9a0,1,1263
0x1ca3Aa0d0Ad5a34DAAFe372e43E6Ca55Be3B2D7E,1,1266
0xbd9BB1bD136Fb2Fb834C4802bF7d6706542f27c8,1,1270
0x6ba2A2955f10A292B807e68136b975E350B8806F,1,1271
0x0FE624fE5444137eDec287E15E03f6B9414aBf2C,1,1275
0xD5F81c8bE32da5B26f2f972B7Db87957a2F619C1,1,1276
0x26fBB3772190087668397fEf704FB75cE213A19B,1,1279
0xe609591ec693ADdDe0b01fE1659bCae9cDbB8fDF,1,1280
0x9626a94B6d978cA51AFE40F1D0436eF467d6CcA6,1,1281
0xEb9785761A36c7Cb33c44b886662B0DB64F90B43,1,1282
0xDD16068497534554833568dF2Cfe01296bF4d8E3,1,1283
0xA1958a37C21372482DEfF4618BAEbbeC23C9a449,1,1287
0x773A8212DFfA3D5aDa21Edf174Af8460F8b4e638,1,1289
0x515A2726293126d299f5946B5e1815aa2cf26aD9,1,1293
0xeDe71D58Eb92c4Eb065d2709a08970f789e7084b,1,1294
0xF251efb1d2f28204B2cd77FF30e9dc7564ADFaFD,1,1298
0xB8391f00DA5Acb3fe29D0d371cBE27771789330f,1,1300
0x90759AaeB2833A49635Cb2911D3c7E33dF490964,1,1302
0xB57B0713B72CB43a089dce420db9aAfAAa91be8d,1,1303
0x43355a5b558aAa8E6f2104C766dADCF0054Aa8b5,1,1304
0x6C81F423B9165b1b1D75B5719738fab022c59Bc6,1,1307
0x5281bdfd8ec0575C99FD36913923D1DCd4C9C2bD,1,1308
0xbA19FEF2792808C88C2d7E73b92f2B31d5a4288b,1,1311
0x7f2b9cCb3234E85b8313E35A10Eb70f034762f3c,1,1314
0x24a000804704B9557466382A806B6BAa31cf574C,1,1315
0x7119770138810363491BA29A31D6FFE508d05089,1,1317
0x47F96D6f38d837e64ac10CaD5968bf3B9bA88289,1,1325
0xB443F2a86eC9Fe63e4796ad84a11Ddaa2F91162a,1,1341
0xd99Bf391C25a80f7A571F5D8aD557dBEa011f200,1,1345
0xefe39AfF7C2D1330d1d954e584DE9145BD8B93Bb,1,1350
0xF18c18Ba94F5a61e831fcB47CAbA8574a86b679E,1,1351
0x0494F503912C101Bfd76b88e4F5D8A33de284d1A,1,1354
0xEA2F79BCE55908A11E0BF7dFfb855C962041674f,1,1358
0x63c43c3fB852739F55095656aD329b41A2D99a75,1,1365
0xD465496741C1f799E202aCc0A6f8F01794a6e14a,1,1367
0x230ea346aD65a7FFb425C84c7CB35e0098076b9e,1,1368
0x368E19cBCC8C7Ec83120CB791276702CBa3b51a0,1,1372
0x9ABa92B941d07047B6021c26fB0Deadd4e9EbF64,1,1374
0x3E9a8d8E9ca47E3B4E6d698A198ce5421Ad0F60e,1,1375
0x9788007aE3DD12C8Cce82F0A4B0BD4De2182F9cF,1,1377
0x3f69557A41612032F31D5f5AbD5d5cd6D17c7B41,1,1387
0x79fF7b20ad414a4F7312957ac82FB84089D9A1EE,1,1390
0xACeA63eE36E86513791eFC3b3e80D339EcE78df5,1,1395
0xb2B256b1ef6Bf434cf84c5886a657E653CD362B8,1,1398
0x8A246f8E15D7DBfAC3f1b612Cdc405b61583Bc92,1,1399
0x8CC4E8610B967E49400CCfDD6252cE7eef051C3e,1,1400
0x4fF19731a1a9227fE7d2fC712E3368BF4BdbbbBA,1,1401
0xCaA74dEBEae8b73de8a894E16CEEF7625c69C7fF,1,1402
0xaAd24dE08cF9268e362aB1bd8967059fE4A46DAa,1,1407
0x8e4bd57f0B7959c01BA1F138c7BFC5f6F3efC6Da,1,1408
0x9e602c1920443F01Cb100a57A7F894df8Eb42f66,1,1409
0xEC960c454C118143E9434b6Ab62B8269dcD9dbCa,1,1410
0x50e87cE2cff26a5963e2F6E9bcACD7f4Fa4C9a08,1,1417
0xFB37fEEbfc1D441901F57E59a59e77b8e28906ae,1,1420
0xeF034de4169F6F251EdEAf595919289342269996,1,1422
0xaeaD3706acc49a122f8AfF78F598F207c9D8cAC5,1,1423
0x6d141C018759F40c499c555513C45311A89F1748,1,1424
0x4753A05c87Cf9e51C7f9F9917C9181Bb7EBD0e5B,1,1426
0xEd65954A63996a2329DF74de214FF891A5068572,1,1429
0xf69d514bAFE71DE5b8594c455D7360E40A576175,1,1439
0x7Cf6756DDfEe8324F9182Dee0380e21EF949EA82,1,1441
0x8844126cA5dEFEE105Ae50e5089933768cCf9999,1,1442
0xEd50Adae7C02bDd0d79311E2BbDA062Ac24E75Cc,1,1443
0x21863C44E4C2ab3f08182aBD804DAFcA56f8F69B,1,1444
0x0DF53972c0CA9A870A112745818038e3421904cA,1,1445
0xCb6931c2c9b16bE1FB2e9e09a437f8783Ca6d4C5,1,1447
0x3adDb670e8F242749779C16e0ECF1C4c99194627,1,1451
0xE22817A91A14D61cb3691954983663425F5513b1,1,1453
0x8c573a4Bd1A37c4142b49fBb09F43Ed2CB0A5553,1,1455
0x0013352764791794049452614Ac5AE27a783406f,1,1456
0x63605b2c6b6714EB8780f205df55B71360E45555,1,1458
0x6E0CD8B70Af16104b35b5008940CFE1b8FD39E27,1,1459
0xaf2FF8Df335cd0E836fB81Bd96DeDd9d6BCf31AF,1,1462
0x5a9e623E7DeB2409E8efdB51a26DD8C2fd5d8083,1,1465
0x6587636D3A385ed89c8CeD8D71689D24D4DB05D2,1,1469
0x12d737459242B4a80EAc41e1B1dd50b0E4b38878,1,1470
0xE2FdDD3a2556094535ec6E79Bb13035834533649,1,1472
0x9c24Ec6bD729317f19B7dD83074B70db8e40244C,1,1473
0xe3bDAFEE31760B72491326f0143C1970AF403E0E,1,1480
0xebD080bA0626f6637B57bed526a657E71247e6ec,1,1481
0xF6aC150BCbf0b16B006C39D4b01566448574814c,1,1482
0xE4C0D027D3FA1eC43F6B489e2740B52B4919A55E,1,1483
0x2beb67Fe8BD3B61F5b29B260e0d0287916E5Ad3d,1,1484
0x8EB2d2d839048223127C7BfE50BF66905417DeC0,1,1492
0xa7D71995703f1C459d5f2aEd74e90aC3eD735000,1,1493
0x60CDe39a09833BDb6e76FCd899b3665aBd5A36e1,1,1496
0x9bc24f29C929046D499797818622adB7955c150b,1,1502
0x5C0Aed74917667f07786947Ed677A7E3c808e006,1,1508
0x2f386428205595D585A692ED3B6447783dC88d66,1,1514
0x7fECBE316Ba591972caBD01D727afc6f35c38727,1,1517
0x38D9FD67E1aA9F89912784587AeE6fF79990136D,1,1518
0x46E8a2faF76A7CF2C4A5b2986ed98b4e55Ef8E3e,1,1524
0x626902B74Cad96299A0AA1fDC728b73eF3166BA6,1,1525
0xC5CfD136DEaD056E29581Bb87C3d28fB14386793,1,1528
0xfc2fa7bD3B4dEFFD5d9B1cF683787270A732aE30,1,1531
0x13c8B7789Df54c85642740707fF19ae2d3C7bDD1,1,1532
0xcF24f9DB11D7cf69b1f6f438c1A5b576456F6df2,1,1535
0xa670EbdaaA258311a7c33A5BF795f07B97C83430,1,1536
0x5435ed86A3643C027CEf97A6A70eF35FCC974a0d,1,1544
0xeb09081242B1Be54a98598540e788695a501B23f,1,1547
0xc2f5E57ceCA6F3d6B979a6c1801D1e98761cE650,1,1549
0xAA31d1E2D0290D1208Ae76129D40491Bd7D24610,1,1550
0x9c810cA92E92821972F47aDE8763693957941D91,1,1551
0x67AE7d2503078B6A9FAD5326Cc071B9B59246F7a,1,1553
0x69E9Af83edF0Ea708f6FAa57AD1fc8711e1B3125,1,1559
0x282587FbC1365bd4D370cF031fee33eAB5cB8f43,1,1561
0xe673F5e474dBF76A1230FEA52e8e58F4BACa151c,1,1563
0x3b2bCaD062a314564f0edB9840D41EBD0681b545,1,1565
0x6a1389C3Fd848E7acDc3cd91e8b6eC82ca7ec5D8,1,1566
0x52d0Fc347560cC997f87984200F4a9344eCDC597,1,1567
0x0DB63feC90C224511ed9b0C5f12bc7F2A15192F5,1,1568
0x3Ce1c61289f15Ef3fc7e84037a9Fd0a41bb5C5D3,1,1569
0x8902C34B0B1c03B7B678f91f21628e7961f74bE3,1,1573
0xAD8841D68983d6D9018E7F3423cEe50daa627cAB,1,1574
0xC20e318fe1830DE929bB8eE57F6209a89F0ab00F,1,1575
0x6ED8A75135E5f3AD084C89A2CC38D8e57c3b3187,1,1576
0x8FBEc4D1A46DC75c6Dfc9278A2DAFAd20d571AC4,1,1577
0xEC33B7C5c649f0ca81B988CC5712C433F281A359,1,1582
0xAcff90ECc79fE2775B49F938501b39998802A4a7,1,1586
0x0Af68766E10115C598aeDF9aeeA802CD3F438d55,1,1590
0x275f16513119F0F9Ab75146fFD97697AC0aEc459,1,1592
0x7576ABd7d9465591B6A41d7d2B77E0c860A99878,1,1593
0x90d12B2bE7A256098786C979A7890EE0B1A37246,1,1594
0x1c1951BA14E116Ccc31B8CE4D31a14cc0F479FB2,1,1595
0x9BD9427214461C4fb3D0cc20273ad97D5736c82F,1,1599
0xDAeDd2737A71cCE57eB2EfcD74DC133ACE4B723d,1,1600
0x725E052c654f3E55a843e0033A1470289ddd020A,1,1601
0x3fAcaCE626D23515ef2f76D4b5F5f4d2a55AbdCA,1,1602
0x7FF76Fed0A44CA152580AfA2D00d333A67fB117D,1,1604
0x4B5013f95E98a46d2EFA09ba0D0ad427F0Ba2844,1,1611
0xDAA48f4900260E2c95116C14E07D3866d36e01bc,1,1613
0xF637FA99BE2bb8c7FB05DD9382f26e1B7CF03358,1,1615
0xa8ef1065B278D56C319F4aC388e98231b7523ed7,1,1619
0xAd9746F10209C9598338cbB10bD3080953d1CBd9,1,1626
0xCBb54Eda2048b57d1b0Afb19a73948E9D58B6973,1,1631
0xe130aF21658A1E9216F5988f118A91F80384aBeF,1,1633
0xBE4db13201F14b20b7DF1144FFfDF946809eaC7b,1,1635
0x98A050c06e7d5e45fC77DC0F1451E3Cd0B26A20c,1,1637
0x8A4D4a1f50D5927c37cE702497B1927cEe6ECB08,1,1639
0xDdf0755360e2AB3e09ec1F000adab38026aBD9f7,1,1642
0x24A2757a17f68a4c0aD49589A1C3A9f3a99cC6d7,1,1649
0x1F8b339Ec5C528D3371E5A35629Ee3A27D518162,1,1650
0x2B501e3cc5f326B86968b57FBF412122fa327294,1,1655
0x5ba5E30B05aA61cC6114292C1ABaF9929D591965,1,1656
0x2385233abb910357e2b97A16D40e0443e53d0769,1,1657
0xbe1a5E8a7D50eAFE07CC95A5a6Dd47b7694F9baf,1,1658
0x054500377c96961677b8AC35190554F635050E02,1,1659
0x4D3c6a07657059Fe541f690fAaC9f76cc0f55147,1,1660
0x0379ed895F8b2DB1bA771ECDDEE2839E1539fe18,1,1666
0x21B804b236b8755DC16658adA956a13f22A77c18,1,1667
0xCc1Af5706894d5E166114acA4A45EA6096DF2885,1,1673
0x3441c4aE7cD4FDEfB0F6A2A4edDf423631CF6fA3,1,1679
0xDa0A3C890603aE8248DF00BdfEcC49A94cE2dAc2,1,1680
0xF74A257c8B563F23C52919B36fBD298E21130807,1,1681
0xc2d79Ce15ED40cdB5013D5A6ffB75A2472Ed2E09,1,1684
0x094c71E77EBf7ae9403bA4BEDAE74fE2483C3625,1,1685
0x597B76dF1B7A13D08D8074A9D821a7885dBD821c,1,1686
0x4D42AEa6224e69e4Da8b175DA20642B3B7D4fD7C,1,1687
0xf815E0cce5A5E4e5079D88E383079083E5d530a1,1,1688
0xA8B211fF533aB307A7C1FbfC0979DE6c9cf33fe4,1,1694
0x9fC0214453feD4dB49fdc301A6A92596e5eC2b59,1,1696
0x5e8DA8AD4043d21BfDeaFbf73cFfabE729Dc6D08,1,1697
0x6fECCFAAC8772b7199DF816123b18053028DF573,1,1707
0xc7522D2875A618113aAEf3Ff85614659688249dd,1,1708
0x0138218C7d775474202af17Fda3BF4824341839d,1,1712
0x0ed7A2469834Fe7e26a5A2Db5ecaB4E23cbd585F,1,1714
0x05A3A14b4C179b9A3a3F3A8933853F95dd87B9Ea,1,1716
0x3B5B640EFB37971F3fDf2C702acBA2278ACa4dff,1,1717
0x8D3f30Ca1dC37a8392A51a3098C2FDd4269849c6,1,1719
0x15948209Fb8F0946B9feb72Ea509760A3Ae23cb1,1,1720
0x11DC8B2Ec5BcFb4607BF02c9B64867D636daC4B2,1,1732
0x370eE840dDe9D938B56C4221C2b335932a38e3a4,1,1734
0x4A5dA3Bd20915F61636E3Ed3146155377cb694eb,1,1737
0xcAD2F652963790114f07Ea93E5A5219B99C8d08c,1,1744
0xa5515d749d3bd62B0424706cA6dd35A46b9d209E,1,1745
0x6717f075643e9212D6B88F1fF5e76e63417E5fab,1,1749
0x379577FB38BBEa6cCe646c2d6565Ec269A7cc648,1,1750
0x604636Ff977d434d538099d3c6024002a78Cac98,1,1751
0x98662902A2Ef11e8e349670360cAE5b4F7d504c6,1,1754
0x0b4Cb9B54A78a5911fA2258c6d2c9b87c80E1BBa,1,1755
0x552c87b8ceaD714ADE34F40FD1584218e12119d3,1,1756
0x2f6cFD14F96e66A719bCBBeBbE7025CF1e86249D,1,1759
0x6460bcEBf4BcC4eCdBd380E48b18e4Ed1581cF38,1,1760
0x2b3909e6dF1Ca9b2F2771891AfF249f029339C14,1,1765
0xcB00c9c46d57B528B2dbFf53a2E40C1C89b19bE6,1,1771
0xC6e76f7F9c868826b1CF039F1BEF7382e9FD9122,1,1775
0x0e1C46258A646Cb045164606B88aE0Aa965DA67D,1,1776
0x995658108dC413e8De55cA6C913085691d0CFA70,1,1777
0xBfe79f87ACd5b339A988C2C02E35d14C9F4A1DDA,1,1778
0xc482E19AA0375daD63301fd718ADcF0E2682aB5c,1,1779
0x68aBF65597f46C30f17bcCDD42B1cce2eAdf8529,1,1780
0xC1c152ECD40A2dD4c3593A98dcE246FD85FBbb6a,1,1783
0x7Cd2cfBd6FaB0849750383c4E2C696C17ca32c72,1,1784
0x0773eFc9e7DBe610306a66a183eD42F827Cc70B5,1,1786
0x6eEbC73611A0EbDe63fbbc193ECe7b2248a07221,1,1787
0xd82B0a73F55AEeB3DC1C7AD3383Fea8B7408aE65,1,1788
0x30C1fd89217Ddb02Ee8547c419eDcB6042404Bd1,1,1790
0x26433A30dd354165573Ec525497032f791F4510D,1,1791
0xAceee0977f4427e6133FE29Ae41E4eFAF48b3e86,1,1792
0x757b8564088F39e235e9E5FB57c6FEf37bDD2506,1,1793
0xeF530dBa0C0Bf455838275E0040102E631901057,1,1794
0x7EC2F0c6256079b8B456621b7CcC52454d3E4931,1,1796
0x030e3e488576B8FbEF29f84Fcc25088B9cEB7dfa,1,1798
0xFb8716e50ed1C4F9BF2EBc2a27E2075466fA0008,1,1799
0x05762511Fa367f476D19700bE11B28B801Ff1F11,1,1800
0x77128D500c88F0D80DAe02c57028B8c4670bbA5B,1,1801
0x479614F32bf5D846F5294Eb5CCAba37eAfB66b9c,1,1802
0xfF4418B72e91C934f55D85DD0783fDF51305D9Fb,1,1803
0x19bb690ad12019D51b96Dd5dBcEdA4844C1D2746,1,1804
0xEf7D37fE380dF45Ece3EfFE5089626b6Dc1BF6DE,1,1805
0x1D3E52C1217458697291A6839C8aA3669F60239E,1,1807
0x37D97FcfD79330eD6e1Ae83EeB7398693EE733B3,1,1809
0xd89f6A18C36ceb90267CBD307D8c87b2476B01f5,1,1811
0xD5a68FC31C648C6cFb4099189fde21CA2913a3D0,1,1816
0xE91949B4998Cb0a89e6d43E6fbFce557bb0dAe01,1,1817
0xEF401f073C731ED6c32c0EB971686482db58410d,1,1818
0xd93edD2a5E8480c2a0620CcF9829550d66a0Eff3,1,1821
0x602dbD0A2F827fFBc08134E11bEe3d50dD10c0d1,1,1827
0xbE97E11C09ed090d5d593be5baF965A3a2D5d426,1,1831
0xc2f17179491072950452c1E28fC9C29975efd031,1,1832
0x7FdecCe3F7896afb456c9C906821Cd1d1FBE8a2E,1,1833
0x02993A451610cA07E48Ccee18EA4A56ab1D6b90e,1,1834
0xcA4700293Bd3b48E7051116635C82546F17a61e3,1,1837
0x161fF61DCd9BA62744C4BF24612DabB6454E61Ae,1,1839
0xAe643F487E125D6cbedca9Da8B6b3271b326eFb3,1,1841
0x7Ae5d300f6D7E3deA8Cd0A2AD51ab76804D4263a,1,1843
0x5Aa44223B8F59b40b2578f7900f01F25836fe006,1,1844
0x8cfD6D77e5d698025bB04DFc3E02a09E657cE615,1,1846
0x668eB86C689797bCd198A02a41D2c5867089539c,1,1847
0x2f81705506434D6970E46D0f390650C69C7e4027,1,1848
0x69C21D11D9e0F5004411b17eB8f7eEb45038aAf7,1,1849
0x7e4D6362919dD647Cf3A10EC8051e599DABef665,1,1853
0xFcBeCCd44649dA5Acfaa269F6Aac9347cFf7038b,1,1858
0x153509e78Fd04144d482E27716aE14c52d7932B0,1,1863
0x4bc64Cb3e2B5BD482aA4006e1B880E6aA1e3f9ED,1,1865
0xE1284214D3EA244db7Eb00ccd5Da140438b1CcFC,1,1866
0x47b9857fd53E0Bda751AbaF0568313e1D946a5cf,1,1867
0x2c47f450D06132Fc3ef54AD8336212ADE35A7841,1,1870
0xc46663Ce2685fE4CCbC4D50E8F9248a2f09081Fb,1,1871
0x17A4199329820f7e6cf677b5d51716ac584CeDf9,1,1873
0xfccE3f1e59B35fb09CD6eCf63B4fE3109EA6eE1b,1,1875
0xBcd2a5c9305cD93E22C3E7F979cDB1E7FE69f848,1,1879
0xf4F403CDcC98eC325AB8643DA41D265fC2443133,1,1881
0x1db65C730C3f18386b9FA341c2EF4E5ddECbFd44,1,1882
0x6e558e4279D9bE551d51050890041B656789c414,1,1884
0x362930cB6695b4623b300B96755Cf1841a9b6766,1,1886
0xAb2B8867a18AD9efBb42A4ad4f4574fE7C7D5084,1,1887
0x256B8922539ef792f57520D177742F2922173DC5,1,1888
0x5eb1696cE6271557b6F721FE6B37b8A87e11F253,1,1890
0x9442B286427F74d4bf70Ad0Aa482337Cc9bd1706,1,1891
0xA1C6808b8f08D091e2826C9640Be302a310655E1,1,1894
0xa5784796063D3c75Ff05fc40027942491C4Fd44b,1,1895
0x6A5F3B0cE00d44AdE2286B1131F6a7e196364724,1,1898
0x9c012C259439b30938A7ff5612a5f4Add42B9cFf,1,1901
0x9BbD56cfD1f48E388DCfAb34Fa0FF81620aEAfBF,1,1902
0x484e2Be931fB5e92fbA4F33E2fA0219eDFE61Ae4,1,1904
0x0224470460F600667db02f4442f1C4f22D06429f,1,1905
0xF3c3F9f60BD25144738bE81Da0d8EC709d6c997c,1,1906
0x365e069eBA40Efd3C3b354c583aC60196b9E002a,1,1907
0xc5dcB5b29d47570C6C5d4A38897f581FbC4cB919,1,1908
0x6cfbA969A424baC0f18d1CA674f34B8B2907bb5f,1,1909
0xaA3455a35AFe3a0311957981E505Ed99b0cE5014,1,1910
0x7e92378331252ebf8ab0Dc7c84b4aa9758c4CF98,1,1911
0x0583786c93A2a1cb384eB8f67FB488E48ECF09c7,1,1913
0xC177EFAEB3552C7cA175E591ec98B2c3EC200F43,1,1914
0x4Fee9fB721b365Ed121Ee391DB4a891a11f0A5dB,1,1915
0x22E02F425620b33c4179FBdD0a3077fC9011d82C,1,1917
0x49BF1760cbea1C7788136DB77cF8F91092a16bb8,1,1918
0x3Ebd888Ca0279229eC00771dABA438cf3953Ca50,1,1919
0x02B0A1ED34E91e1E2B4322407F3260971748C747,1,1920
0xdB912FAb7AB5FD40F17fD470573b3B999c62232c,1,1922
0x53828B9f475ae602e7beA9808F3DFef6D289AD21,1,1926
0xe03Fb71941Da574561d2C35C7FA79E2F9706F70A,1,1927
0xD5871907357608FFa969c91dD60b6E570388C2A6,1,1928
0x364857cCb6C76fDc9ef81ff5912bA94B4E77F5d5,1,1929
0x1feB52be24E4Bc08815F342F7027a02Cab0C5dD3,1,1930
0x959Aa941221C013EAdaf92e1693a28786b042e2e,1,1931
0xd96E9EFa1016f87dD5131D075aa14C70Fb7b9D46,1,1932
0x536b5b274e37e0eAf22442c4c9dBDEFC60fcB615,1,1933
0x7AC1944826b4e7B9D79103B1E971C089d880a138,1,1934
0x708621feA6a3e127f775886f4fcC5A7EDC6cc736,1,1935
0xA41b4a0e34ABcB598CF4Ac3388910fb5fe1Fa2dC,1,1937
0xd2dF79139aFc0C37dA40FAB2A4e8638E30154D3d,1,1938
0xC066c6A62dA0161D1C0292e9CCe81F5e23D14ECD,1,1939
0x7D9085cbD5aA6B9F22AB19b783F32DE443eC4700,1,1941
0x627B63DA1391DEaC116397A09A6EfC644375709E,1,1942
0x0B6B7E1630814ac4492886745b34013E0f34D368,1,1943
0x8A6336a480e9a5E965FDc093188b26a3c4125c26,1,1944
0xBBf17d93A2307dF43F7cC1098EFcf0985e995C65,1,1945
0x3A42072900BcC3B7ff2e6db8F912E3Fb0a277768,1,1946
0x9088E50ce6d622D17bA6C24f5a16D5d43Dcbd27F,1,1947
0x8c2d749A31577e904Bc3b668bc6b09eAeeF26301,1,1949
0xc02230F20Dfa84e8EA2102fd1Be5f20F22089Bc9,1,1952
0x2eb919dc3A5bBB13D91E62ACf6eEB4BFA1AA60D3,1,1953
0x4a27BfD91B30EfAf08706d2105e5D8A1ad09fF0C,1,1955
0xfc0fAA8718Fb0bB316A48BeB3Aca10306EfB5bb8,1,1956
0xbc099D2C4631c7337d28b99CE1E1d4EB36A3416f,1,1957
0x7189ae5e0C7b48e173A8d006264c5Fb6b411FEe2,1,1960
0xA010971fcfeF68c34eD8d17d923895217F68Da1e,1,1961
0xC6F57057E3c93806F3aB2f13d21c2AC03dC263C8,1,1966
0x8C39E0F96469E38DDD6d4727f876b5505698c596,1,1972
0x0746900D4234Faa3CBe1a4E94EE6BC381dcF4B5C,1,1973
0x299Cc5674Fab46dfdB4332eEBF6C010F72Bce95D,1,1974
0x4D8cDCFA6f5660bcc77EBC5cc00FD7A2fA10Fd46,1,1975
0xEe2860f1bfe8f3D4dDE90092425d1d27357415cD,1,1981
0x57047B296D3036f0161b970e530d5dEA7AC85d35,1,1983
0x77620648CF8210271582AF06D45c99ecbbBBC919,1,1984
0x4db405e0b38899CAEe5665979764BDbe43bef1bd,1,1986
0xB4Be85887D68A3dFDd5e9826A5b7744379FD34E4,1,1988
0xbF593a5390aC5659Be5EFAE6bd7af16E16BaBA99,1,1989
0x2aFeEcfB5396A4c77Bd577dC904D2f15C11542c5,1,1990
0xb6F00a713153Cbaf39FB0BfdE52AdD5795a43C80,1,1992
0xa9C022511C38127951fA71475e43f469e6ec8E1d,1,1993
0x3410A5d83f88e758207a6e74Ee43F63d4F0f6b24,1,1994
0x97bDe9232FD4a6467e343dCFe16AC2029e46D43B,1,1995
0x995737Ba36F81560BB2A838F1aad0a6e40Bab0fC,1,1996
0xa9f5fc8C95E762537764FB5BF7F7e7DBDE5F69ba,1,1998
0xDb25FF796E694e2F6e11438fD53A0813Dee3D5A0,1,1999
0xfCD441497F7f78E5ad175a92da4d5858c2d5e8bE,1,2001
0xc42CA8f6c802b78Dc9Db92c48fA92c78340Ab3D7,1,2003
0x2D1a0F69ea53d61b4f74648Ca1db523610784406,1,2006
0x88bf17fCAa40f709365e0E9fCD6d6fcfb9bE600c,1,2010
0xaE4c9CBdc74506FFC896712DB7Cf356217ce9Da1,1,2015
0x87cDa0D0134085F9B238a21d9A421E1292F1D000,1,2017
0x5db62e90Dc05D75eD999023Fc42CdccBb228d84D,1,2018
0xCA2bE13C2f850ED1dfEE014CE0Fb4c5cc7125a27,1,2019
0xBb19639Fa1874E77191Be6d4111cBec88523Af92,1,2020
0x29b645ccdb2E0771D3Cd31AdEeCe64bc56705d56,1,2023
0x5F55F82ff1c5D7927d6784BD7fc7Dc496B1712ad,1,2024
0xA1515eeEE1965E39BD838a0c5c7EabAf50DD5417,1,2025
0xEae62dA0622A9250A683032f8486b3b394055663,1,2026
0xD66fdA02a6648DBa76264336252d5a5BDc762d02,1,2029
0x7f4315d0865FE4984604eaa500e3Aaf99039e6F2,1,2030
0xf9Bb823a2eaA181ab89B79CEA6301274368999b4,1,2032
0x3B7e93200D37D838eA466E8ceD97752a6DFF994E,1,2037
0xe04B326E2cABd17d28A110EF2383282Cf0a29D91,1,2039
0x8fdD16CBE70bdE7a1eB0492d78e88807328FcBD4,1,2041
0x20eE43FdFAe2E197A9EFBee89664D6B221F315F5,1,2044
0x9769a99cadb5Ded048057a50b1cA61e4C4954CDa,1,2045
0x8bb62B57cd88c361cDDd70796ea2555F817999E5,1,2048
0xc47711AE145d09F9237f5E5880f2a5Aaef04f1CB,1,2049
0x80035367c996C950f069cafAdd166a91CaE75E60,1,2050
0xE4FE58eCF12e5597dff57b2A2607c6dC3c8Af99A,1,2054
0x3375D308e45cb4Bb99eb35208cD1625a65cF6e19,1,2056
0x08a2A45e48FE95465f11a8418F64bc54b621fF24,1,2058
0x8cC88ed2ab6C5A022483aD720E59C184fE0de01c,1,2059
0xd498D9ec4a7A418263E8729B09448e18a8ec863E,1,2060
0x170a4E9a9a1B2CD1D634BdA537C0Fb8B73435678,1,2061
0x7BB368e70ff16f3468905E8911A0021dA3D2BF78,1,2062
0xFa376d0628449ac8c5FA50d9dcE8C2acBDD53FCC,1,2064
0x97d9524355953bF99851C3641B970374eA3e38DA,1,2069
0x99014f787Fa9b21112194E9C8C0A3E4a22D33670,1,2072
0x9Fc53264732780A2B134A908B19eb42181869361,1,2073
0x1E2E9110082882898B7313C5462725e6311b025F,1,2075
0x96346c9bE6A7b3CA510F5B1E80aC8fb444Bfc0d3,1,2078
0xca30ba71135c19318A5FB703fBb8939fBA5615e5,1,2079
0x7b952B9909B26Fe9F0b27131d588224b991cE111,1,2083
0xDf8Ec4dc30aBe7605A20f1cb74fC8435EAcD3dc3,1,2085
0x34b111Ee7738604d034687E71dF51Bf2e5Bcec1A,1,2086
0x851116D2f200c1CaE4613bB28e470BBA7b3916DB,1,2087
0xE2C2bbAc29a8991C21D50cFB76d56Ef455D85157,1,2088
0x01407772c2368D5752c59978baE92158bB9F2816,1,2089
0x20574C8E055B21f0Fd18B7d9bD49Ebb0c9734722,1,2091
0x35CeB51E04Bb46a8712A5822a3e50BE5499F6762,1,2096
0xA6cAb323B3780965A9B74D594e5D87eC7Ea8F799,1,2097
0xf7cFd8FAF818503c0a13de3697573e83264dE5bD,1,2100
0xC268C08D055264ec6d66265394b11898a1846e20,1,2101
0xCB22B56779e19E7FE809F10A2E5863aE01b5F257,1,2102
0x5346e7c012644b10E828f1c12c5c977039FAE2AC,1,2108
0xDc9C5e34959eC3643AF1e1D34A83D6b251AAb1eF,1,2110
0x7BA866Cb965E3FFea0B42566AC08846159FDe41a,1,2111
0x40DE3299Bd8a10D8Ac3f32C1A55DE40640cF9B75,1,2116
0xCBc924183Bc32D02746Fa8D38843B5Ce08662eB4,1,2119
0xC33F87697EF41e0E95e7a55d1ec8180F04088578,1,2120
0xD2826386d03076127CF655A8c826C428DF0Fa3Ce,1,2122
0x5f231cf7Ebf38b2eF24B47672717a4F1Bca693bD,1,2123
0xF9807aa843E8ca353E6AbC4527A509f37222f05e,1,2124
0xfC1B2ECD3a8F72da9E43f76368aeB90a498a18f3,1,2126
0x0a1a8a13fd2c3094B8F563B4944Db4e18bFcF90C,1,2129
0x17316eE66C50Cc4b807FDC5E940F89a97c9C3282,1,2131
0x4cfE272400935a525806CfB3621819933c02DF03,1,2132
0x144B625e7e20E3869d993A0189B214EC2c8B0F06,1,2135
0x99a763AA2E9F7b8fBC0f78e6a49D1F326430F45B,1,2140
0xBeF7494c8eDF71767616ec1F6858B646dbE39ea3,1,2141
0xf21ae414c02E02321258A31fa41CFf6A7DC1C36F,1,2145
0xfcF7B861B033a88FD9A843Db79ff5E5FF8B719C8,1,2149
0x057d9F97B4D70E1A15a0b811C9118B80219E97d6,1,2150
0x176CE2bEf56c165400d017bA400088446d7c2FD7,1,2154
0x60b73717cF711F312A621F19bd76Ac138DA5af76,1,2158
0x9982D3de23521f1aefCF08b6115f1AD75C64ecAa,1,2161
0xA67bFaFb54e30F89528116d6afBB437777E9Aa8D,1,2165
0xe615E382A28E9fe71Dc9d74793F714d617b3A081,1,2171
0x027fC636dB3cEd7342581baED6eEE79f7d1123c3,1,2174
0xF94BA062308EA92f7AB3CF55c4B410339717C74d,1,2177
0x43DB5316fAe03dd0b2798BFE5A34ef419Ca540Ac,1,2178
0xd0Fec64A178821dae63d17F587fA4eCaeDa624Fb,1,2179
0xA18D335c16333EcAFf3ff31cBF6b022Cec64C8C5,1,2182
0xFb0Ae08792370bAe387b46b8f7E90dAd4e05859B,1,2183
0xdC46B8C8dA83EE3B0D6D4999acDF5d15D7669Ac3,1,2186
0x3e7626b61bc24319AB552F90C0Abd585121c7e26,1,2187
0x068748648DE1AFF79f8045a3E0B74b6f227f5837,1,2188
0x7ad21c2EbF28C0a4Ba3Ed0A59d63Ec45846b3Af2,1,2189
0xf1ebD8909e647e0CA502793f133A863D84948f9d,1,2190
0x61A3a6777aA228B7FC76aF5BcD9ed39494311D5c,1,2191
0x8Ade80E9c115E28aB0F6277a650BC69A9b3B232F,1,2193
0x1978843EcFe37aA75FE184dBB4B22103e0D40555,1,2194
0xfcd65b6f7B33bE781aB6881D5F4ec83fe4Fd9d02,1,2196
0xecF8ea7b603d68711B6D1aEF291E09B123D82937,1,2200
0xA35fB0a18983143b5e33595c19b658076Fa049e9,1,2201
0xfcbE4562F258B38364D9be603Ed62641b30f638b,1,2206
0x4B131A3fD68E7087CE0b428C68f615287784e3D3,1,2207
0x01C6fbDaa7264E3A4174b1b66DB3b31BEE20beD3,1,2211
0x7afBa4CBdE074BaF8Eb7BFf86Fcf0fce75DCB3b0,1,2212
0x31613Fa26f749dD32B27e78566184b287E753D76,1,2215
0x2A17bf9B3e415586eC623B00ed8086de8099c07d,1,2216
0x10b9312B3226bcF1F97464c7F6A3Cd4af919074b,1,2218
0xD2763b2120Bda9a1803fca933647352b4B79B72c,1,2221